{"firstName":"Nisa","lastName":"Kaplan","transcript":[{"TRD121":"CC","CSE1200":"DC","PHYS1103":"CB","CSE1241":"AA","PHYS1101":"BB","ATA121":"CC","MBG1201":"DC","MATH1001":"DC"},{"PHYS1104":"DD","TRD122":"DC","PHYS1102":"BA","NTExxx":"BA","CSE1242":"DD","ATA122":"CB","MATH2256":"F","MATH1002":"DC"},{"MATH2055":"AA","CSE2023":"F","MATH2256":"AA","EE2031":"BB","MATH2059":"AA","CSE2225":"BA"},{},{},{},{},{}],"log":["The advisor didn't approve ECON2004 because of total credit"],"student_id":"150122083","studentSemester":3}