{"firstName":"Emrah","lastName":"Özdemir","transcript":[{"TRD121":"CB","CSE1200":"F","PHYS1103":"DD","CSE1241":"AA","PHYS1101":"DD","ATA121":"BA","MBG1201":"AA","MATH1001":"BB"},{"PHYS1104":"AA","CSE1200":"F","TRD122":"DD","PHYS1102":"BB","NTExxx":"DC","ATA122":"DC","MATH2256":"DC","MATH1002":"BA"},{"CSE1200":"DC","MATH2055":"BA","CSE2023":"AA","CSE1242":"AA","EE2031":"CC","MATH2059":"DD"},{},{},{},{},{}],"log":["The advisor didn't approve CSE1242 because of total credit","The advisor didn't allow CSE2225 because student failed prereq. CSE1242","The advisor didn't approve ECON2004 because of total credit"],"student_id":"150122071","studentSemester":3}