{"firstName":"Betül","lastName":"Aslan","transcript":[{"TRD121":"CB","CSE1200":"BB","PHYS1103":"DC","CSE1241":"DC","PHYS1101":"DD","ATA121":"BB","MBG1201":"DC","MATH1001":"DC"},{"PHYS1104":"DD","TRD122":"DC","PHYS1102":"DD","NTExxx":"DD","CSE1242":"BA","ATA122":"AA","MATH2256":"CC","MATH1002":"DD"},{"MATH2055":"DC","CSE2023":"DC","ECON2004":"AA","EE2031":"DC","MATH2059":"BA","CSE2225":"F"},{"CSE2260":"DC","STAT2253":"CC","CSE2138":"BA","EE2032":"AA","CSE2225":"F"},{"CSE3215":"DC","IE3081":"AA","CSE3000":"BA","CSE3063":"CC","CSE2225":"AA"},{},{},{}],"log":["The advisor didn't allow CSE2246 because student failed prereq. CSE2225","The advisor didn't allow CSE2246 because student failed prereq. CSE2225","The advisor didn't allow CSE3033 because student failed prereq. CSE2225","The advisor didn't allow CSE3055 because student failed prereq. CSE2225"],"student_id":"150121123","studentSemester":5}