{"firstName":"Ömer","lastName":"Aksel","transcript":[{"TRD121":"DC","CSE1200":"CC","PHYS1103":"DD","CSE1241":"BA","PHYS1101":"AA","ATA121":"AA","MBG1201":"F","MATH1001":"CB"},{"PHYS1104":"BA","TRD122":"CB","PHYS1102":"AA","NTExxx":"DC","ATA122":"F","MBG1201":"AA","MATH2256":"AA","MATH1002":"CC"},{"MATH2055":"AA","CSE2023":"DC","CSE1242":"DD","ATA122":"AA","ECON2004":"DD","EE2031":"BA","MATH2059":"CC"},{"CSE2260":"DD","STAT2253":"CB","CSE2138":"BA","EE2032":"AA","CSE2225":"AA"},{"CSE3215":"CC","CSE2246":"DC","IE3081":"CC","CSE3055":"AA","CSE3000":"DC","CSE3063":"BB"},{"CSE3038":"CC","CSE3033":"F","CSE3044":"CC","COM2202":"F","CSE3264":"AA","IE3235":"F"},{"UE":"DC","CSE3048":"CB","CSE4095":"F","CSE3033":"AA","COM2202":"DD","IE3235":"CB","CSE4288":"CB"},{}],"log":["The advisor didn't approve CSE1242 because of total credit","The advisor didn't allow CSE2225 because student failed prereq. CSE1242","The advisor didn't allow CSE2246 because student failed prereq. CSE2225","The advisor didn't approve CSE3033 because of total credit","The advisor didn't approve CSE3048 because of total credit","The advisor didn't approve CSE4219 because of total credit","The advisor didn't approve CSE4074 because of total credit","The advisor didn't approve CSE4297 because of total credit","The advisor didn't approve CSE4000 because of total credit","The advisor didn't approve ISG121 because of total credit"],"student_id":"150120200","studentSemester":7}