{"firstName":"Umut","lastName":"Özdemir","transcript":[{"TRD121":"AA","CSE1200":"BA","PHYS1103":"F","CSE1241":"DC","PHYS1101":"F","ATA121":"DC","MBG1201":"BB","MATH1001":"BA"},{"TRD122":"AA","PHYS1103":"BA","NTExxx":"CC","CSE1242":"BB","PHYS1101":"DC","ATA122":"AA","MATH2256":"BB","MATH1002":"BA"},{"PHYS1104":"BA","MATH2055":"DC","PHYS1102":"BA","CSE2023":"CC","ECON2004":"BA","MATH2059":"BA","CSE2225":"CC"},{"CSE2246":"CC","CSE2260":"AA","STAT2253":"BB","EE2031":"BB","CSE2138":"DC"},{"CSE3215":"DD","IE3081":"BB","CSE3055":"CC","CSE3000":"CB","CSE3063":"CC","EE2032":"DD"},{"CSE3038":"AA","CSE3033":"CC","CSE3044":"BB","COM2202":"BA","CSE3264":"DD","IE3235":"DC"},{"UE":"DD","CSE3048":"AA","CSE4219":"BB","CSE4061":"BB","CSE4074":"CC","ISG121":"DD","CSE4000":"DC","CSE4288":"AA"},{}],"log":["The advisor didn't allow PHYS1102 because student failed prereq. PHYS1101","The advisor didn't allow PHYS1104 because student failed prereq. PHYS1103","The advisor didn't allow EE2031 because student failed prereq. PHYS1102","The advisor didn't allow EE2032 because student failed prereq. EE2031","The advisor didn't approve CSE3033 because of total credit","The advisor didn't approve CSE3048 because of total credit","The advisor didn't approve CSE4297 because of total credit","The advisor didn't approve ISG121 because of total credit"],"student_id":"150120176","studentSemester":7}