{"firstName":"Aysel","lastName":"Aslan","transcript":[{"TRD121":"AA","CSE1200":"DC","PHYS1103":"CB","CSE1241":"BB","PHYS1101":"CB","ATA121":"DC","MBG1201":"BA","MATH1001":"F"},{"PHYS1104":"F","TRD122":"AA","PHYS1102":"CC","NTExxx":"DC","CSE1242":"AA","ATA122":"CC","MATH1001":"CC","MATH2256":"AA"},{"PHYS1104":"CB","MATH2055":"F","CSE2023":"CB","MATH1002":"CC","EE2031":"AA","MATH2059":"BA"},{},{},{},{},{}],"log":["The advisor didn't allow MATH1002 because student failed prereq. MATH1001","The advisor didn't approve ECON2004 because of total credit","The advisor didn't approve CSE2225 because of total credit"],"student_id":"150122078","studentSemester":3}