{"firstName":"Emre","lastName":"Çevik","transcript":[{"TRD121":"F","CSE1200":"DD","PHYS1103":"F","CSE1241":"AA","PHYS1101":"F","ATA121":"F","MBG1201":"DC","MATH1001":"CC"},{"TRD121":"DC","PHYS1103":"AA","NTExxx":"AA","CSE1242":"DD","PHYS1101":"DC","ATA121":"DD","MATH2256":"BB","MATH1002":"BA"},{"PHYS1104":"AA","TRD122":"BB","MATH2055":"CC","PHYS1102":"CC","ATA122":"F","ECON2004":"CC","MATH2059":"DC","CSE2225":"AA"},{"CSE2246":"BB","CSE2023":"DD","CSE2260":"CC","STAT2253":"BB","EE2031":"DD"},{"IE3081":"DD","CSE3055":"CC","CSE3000":"BA","CSE3063":"BA","CSE2138":"BA","EE2032":"AA"},{},{},{}],"log":["The advisor didn't allow ATA122 because student failed prereq. ATA121","The advisor didn't allow PHYS1102 because student failed prereq. PHYS1101","The advisor didn't allow PHYS1104 because student failed prereq. PHYS1103","The advisor didn't allow TRD122 because student failed prereq. TRD121","The advisor didn't allow EE2031 because student failed prereq. PHYS1102","The advisor didn't approve CSE2023 because of total credit","The advisor didn't allow EE2032 because student failed prereq. EE2031","The advisor didn't approve CSE2138 because of total credit","The advisor didn't approve CSE3033 because of total credit","The advisor didn't approve CSE3215 because of total credit"],"student_id":"150121131","studentSemester":5}