{"firstName":"Elif","lastName":"Kartal","transcript":[{"TRD121":"CC","CSE1200":"BA","PHYS1103":"DD","CSE1241":"F","PHYS1101":"AA","ATA121":"DD","MBG1201":"DC","MATH1001":"F"},{"PHYS1104":"CC","TRD122":"CB","PHYS1102":"DC","NTExxx":"BB","CSE1241":"BA","ATA122":"CB","MATH1001":"DD","MATH2256":"F"},{"MATH2055":"CC","CSE1242":"DD","MATH2256":"F","MATH1002":"DC","EE2031":"F","MATH2059":"CC"},{},{},{},{},{}],"log":["The advisor didn't allow CSE1242 because student failed prereq. CSE1241","The advisor didn't allow MATH1002 because student failed prereq. MATH1001","The advisor didn't allow CSE2225 because student failed prereq. CSE1242","The advisor didn't approve ECON2004 because of total credit","The advisor didn't approve CSE2023 because of total credit"],"student_id":"150122055","studentSemester":3}