{"firstName":"Hakan","lastName":"Çevik","transcript":[{"TRD121":"BA","CSE1200":"BA","PHYS1103":"BB","CSE1241":"CB","PHYS1101":"DD","ATA121":"BA","MBG1201":"CC","MATH1001":"AA"},{"PHYS1104":"BA","TRD122":"CC","PHYS1102":"AA","NTExxx":"DC","CSE1242":"CC","ATA122":"BA","MATH2256":"AA","MATH1002":"CC"},{"MATH2055":"CC","CSE2023":"DC","ECON2004":"BA","EE2031":"BB","MATH2059":"F","CSE2225":"CC"},{"CSE2246":"AA","STAT2253":"DC","CSE2138":"BA","MATH2059":"BA","EE2032":"CC"},{"CSE3215":"DC","IE3081":"CC","CSE3055":"DD","CSE3000":"AA","CSE2260":"CC","CSE3063":"BB"},{},{},{}],"log":["The advisor didn't approve CSE2260 because of total credit","The advisor didn't approve CSE3033 because of total credit"],"student_id":"150121117","studentSemester":5}