{"firstName":"İsmail","lastName":"Işık","transcript":[{"TRD121":"AA","CSE1200":"DC","PHYS1103":"F","CSE1241":"BB","PHYS1101":"CC","ATA121":"AA","MBG1201":"AA","MATH1001":"CB"},{"TRD122":"AA","PHYS1102":"AA","PHYS1103":"BB","NTExxx":"CC","CSE1242":"CC","ATA122":"BB","MATH2256":"AA","MATH1002":"DC"},{"PHYS1104":"CC","MATH2055":"CB","CSE2023":"AA","ECON2004":"AA","EE2031":"CB","MATH2059":"BB","CSE2225":"CC"},{"CSE2246":"DD","CSE2260":"AA","STAT2253":"CC","CSE2138":"DC","EE2032":"F"},{"CSE3215":"AA","IE3081":"AA","CSE3055":"DC","CSE3000":"CC","CSE3063":"CC","EE2032":"CB"},{},{},{}],"log":["The advisor didn't allow PHYS1104 because student failed prereq. PHYS1103","The advisor didn't approve CSE3033 because of total credit"],"student_id":"150121110","studentSemester":5}