{"firstName":"İlayda","lastName":"Demir","transcript":[{"TRD121":"DC","CSE1200":"CC","PHYS1103":"DC","CSE1241":"AA","PHYS1101":"AA","ATA121":"AA","MBG1201":"CC","MATH1001":"CB"},{"PHYS1104":"BA","TRD122":"F","PHYS1102":"DC","NTExxx":"BB","CSE1242":"AA","ATA122":"CC","MATH2256":"BA","MATH1002":"CC"},{"TRD122":"DD","MATH2055":"DC","CSE2023":"CB","ECON2004":"CC","EE2031":"AA","MATH2059":"AA","CSE2225":"DC"},{"CSE2246":"BB","CSE2260":"AA","STAT2253":"CC","CSE2138":"CC","EE2032":"CB"},{"CSE3215":"DC","IE3081":"DC","CSE3055":"F","CSE3000":"BB","CSE3033":"F","CSE3063":"DC"},{},{},{}],"log":[],"student_id":"150121126","studentSemester":5}