{"firstName":"Yaşar","lastName":"Akpınar","transcript":[{"TRD121":"BA","CSE1200":"AA","PHYS1103":"BA","CSE1241":"CB","PHYS1101":"DC","ATA121":"BA","MBG1201":"CB","MATH1001":"F"},{"PHYS1104":"CC","TRD122":"BA","PHYS1102":"F","NTExxx":"BB","CSE1242":"CC","ATA122":"DC","MATH1001":"BB","MATH2256":"F"},{"MATH2055":"CB","PHYS1102":"BA","ECON2004":"AA","MATH2256":"DC","MATH1002":"CC","MATH2059":"DC"},{"CSE2023":"CC","CSE2260":"AA","STAT2253":"CC","EE2031":"AA","CSE2225":"BB"},{"CSE2246":"CC","IE3081":"CC","CSE3055":"F","CSE3063":"AA","CSE2138":"CC","EE2032":"DC"},{"CSE3215":"AA","CSE3033":"BA","COM2202":"DD","IE3235":"CC"},{"CSE3038":"AA","UE":"BB","CSE3055":"AA","CSE3000":"AA","CSE4056":"AA"},{}],"log":["The advisor didn't allow MATH1002 because student failed prereq. MATH1001","The advisor didn't allow EE2031 because student failed prereq. PHYS1102","The advisor didn't approve CSE2225 because of total credit","The advisor didn't approve CSE2023 because of total credit","The advisor didn't allow CSE2246 because student failed prereq. CSE2225","The advisor didn't allow EE2032 because student failed prereq. EE2031","The advisor didn't approve CSE2138 because of total credit","The advisor didn't approve CSE3215 because of total credit","The advisor didn't approve CSE3033 because of total credit","The advisor didn't approve CSE3000 because of total credit","The advisor didn't allow CSE3044 because student failed prereq. CSE3055","The advisor didn't approve CSE3038 because of total credit","The advisor didn't approve CSE3048 because of total credit","The advisor didn't approve CSE3055 because of total credit","The advisor didn't approve CSE3264 because of total credit","The advisor didn't approve CSE3000 because of total credit","The advisor didn't allow CSE3044 because student failed prereq. CSE3055","The advisor didn't allow CSE4219 because student failed prereq. CSE3038","The advisor didn't approve CSE4074 because of total credit","The advisor didn't approve CSE4000 because of total credit","The advisor didn't approve CSE4297 because of total credit","The advisor didn't approve CSE3264 because of total credit","The advisor didn't approve ISG121 because of total credit","The advisor didn't approve CSE3048 because of total credit","The advisor didn't approve CSE4288 because of total credit"],"student_id":"150120160","studentSemester":7}