{"firstName":"Pınar","lastName":"Eroğlu","transcript":[{"TRD121":"F","CSE1200":"DD","PHYS1103":"BA","CSE1241":"AA","PHYS1101":"CB","ATA121":"DC","MBG1201":"BA","MATH1001":"CC"},{"PHYS1104":"BA","TRD121":"CB","PHYS1102":"CB","NTExxx":"DC","CSE1242":"AA","ATA122":"AA","MATH2256":"DD","MATH1002":"CC"},{"TRD122":"BA","MATH2055":"DD","CSE2023":"BA","ECON2004":"DC","EE2031":"DD","MATH2059":"CB","CSE2225":"CC"},{"CSE2246":"DC","CSE2260":"DC","STAT2253":"BA","CSE2138":"CC","EE2032":"AA"},{"CSE3215":"CB","IE3081":"AA","CSE3055":"AA","CSE3000":"DD","CSE3033":"AA","CSE3063":"AA"},{"CSE3038":"DC","CSE3048":"F","CSE3044":"CB","COM2202":"F","CSE3264":"BA","IE3235":"AA"},{"UE":"BA","CSE3048":"CB","CSE4074":"CC","COM2202":"DD","CSE4000":"CC","CSE4057":"BA","CSE4288":"CB"},{}],"log":["The advisor didn't allow TRD122 because student failed prereq. TRD121","The advisor didn't approve CSE4297 because of total credit","The advisor didn't approve CSE4219 because of total credit","The advisor didn't approve ISG121 because of total credit"],"student_id":"150120156","studentSemester":7}