{"firstName":"Eren","lastName":"Sönmez","transcript":[{"TRD121":"CB","CSE1200":"CC","PHYS1103":"DD","CSE1241":"CB","PHYS1101":"CC","ATA121":"DC","MBG1201":"DD","MATH1001":"DD"},{"PHYS1104":"DD","TRD122":"F","PHYS1102":"DD","NTExxx":"BA","CSE1242":"BB","ATA122":"CC","MATH2256":"DD","MATH1002":"CC"},{"TRD122":"DC","MATH2055":"CC","CSE2023":"CC","ECON2004":"CC","EE2031":"AA","MATH2059":"CC","CSE2225":"F"},{"CSE2260":"BB","STAT2253":"DC","CSE2138":"CB","EE2032":"AA","CSE2225":"CC"},{"CSE3215":"F","CSE2246":"AA","IE3081":"CC","CSE3055":"DC","CSE3000":"F","CSE3063":"AA"},{},{},{}],"log":["The advisor didn't allow CSE2246 because student failed prereq. CSE2225","The advisor didn't approve CSE3033 because of total credit"],"student_id":"150121109","studentSemester":5}