{"firstName":"Ali","lastName":"Kulaç","transcript":[{"TRD121":"BB","CSE1200":"F","PHYS1103":"DC","CSE1241":"AA","PHYS1101":"BA","ATA121":"AA","MBG1201":"CC","MATH1001":"F"},{"PHYS1104":"BA","CSE1200":"DD","TRD122":"F","PHYS1102":"AA","CSE1242":"AA","ATA122":"AA","MATH1001":"DC","MATH2256":"AA"},{"TRD122":"BA","MATH2055":"BA","NTExxx":"DD","CSE2023":"F","MATH1002":"BB","EE2031":"DD","MATH2059":"DD"},{"CSE2023":"CC","ECON2004":"CC","STAT2253":"DC","EE2032":"DC","CSE2225":"AA"},{"CSE2246":"F","IE3081":"DD","CSE3055":"DC","CSE2260":"CB","CSE3063":"DC","CSE2138":"DC"},{},{},{}],"log":["The advisor didn't allow MATH1002 because student failed prereq. MATH1001","The advisor didn't approve NTExxx because of total credit","The advisor didn't approve CSE2225 because of total credit","The advisor didn't approve ECON2004 because of total credit","The advisor didn't allow CSE2246 because student failed prereq. CSE2225","The advisor didn't approve CSE2138 because of total credit","The advisor didn't approve CSE2260 because of total credit","The advisor didn't approve CSE3215 because of total credit","The advisor didn't approve CSE3033 because of total credit","The advisor didn't approve CSE3000 because of total credit"],"student_id":"150121122","studentSemester":5}