{"firstName":"Melike","lastName":"Dede","transcript":[{"TRD121":"DC","CSE1200":"AA","PHYS1103":"DC","CSE1241":"CC","PHYS1101":"BB","ATA121":"CC","MBG1201":"F","MATH1001":"BA"},{"PHYS1104":"DC","TRD122":"F","PHYS1102":"F","NTExxx":"BB","ATA122":"CC","MBG1201":"AA","MATH2256":"AA","MATH1002":"CC"},{"TRD122":"BA","MATH2055":"AA","PHYS1102":"CC","CSE2023":"F","CSE1242":"DC","ECON2004":"DD","MATH2059":"BA"},{"CSE2023":"CB","CSE2260":"CC","STAT2253":"CC","EE2031":"DC","CSE2225":"CC"},{"CSE2246":"AA","IE3081":"AA","CSE3055":"F","CSE3063":"DC","CSE2138":"BB","EE2032":"DC"},{},{},{}],"log":["The advisor didn't approve CSE1242 because of total credit","The advisor didn't allow CSE2225 because student failed prereq. CSE1242","The advisor didn't allow EE2031 because student failed prereq. PHYS1102","The advisor didn't allow CSE2246 because student failed prereq. CSE2225","The advisor didn't allow EE2032 because student failed prereq. EE2031","The advisor didn't approve CSE2138 because of total credit","The advisor didn't approve CSE3215 because of total credit","The advisor didn't approve CSE3033 because of total credit","The advisor didn't approve CSE3000 because of total credit"],"student_id":"150121105","studentSemester":5}