{"firstName":"Özlem","lastName":"Uyanık","transcript":[{"TRD121":"DC","CSE1200":"DD","PHYS1103":"BB","CSE1241":"CC","PHYS1101":"CC","ATA121":"CC","MBG1201":"CB","MATH1001":"CC"},{"PHYS1104":"BB","TRD122":"DC","PHYS1102":"CC","NTExxx":"AA","CSE1242":"DC","ATA122":"CB","MATH2256":"BA","MATH1002":"CB"},{"MATH2055":"BA","CSE2023":"DD","ECON2004":"CB","EE2031":"CC","MATH2059":"AA","CSE2225":"DD"},{"CSE2246":"CC","CSE2260":"CC","STAT2253":"DC","CSE2138":"BA","EE2032":"CC"},{"CSE3215":"DD","IE3081":"CC","CSE3055":"AA","CSE3000":"DD","CSE3033":"CC","CSE3063":"AA"},{},{},{}],"log":[],"student_id":"150121102","studentSemester":5}