{"firstName":"Enes","lastName":"Kaplan","transcript":[{"TRD121":"CB","CSE1200":"AA","PHYS1103":"BB","CSE1241":"BB","PHYS1101":"CC","ATA121":"CC","MBG1201":"DC","MATH1001":"F"},{"PHYS1104":"CC","TRD122":"BA","PHYS1102":"DD","NTExxx":"DC","CSE1242":"AA","ATA122":"BA","MATH1001":"CC","MATH2256":"DC"},{"MATH2055":"DD","CSE2023":"CC","MATH1002":"AA","EE2031":"CB","MATH2059":"CC","CSE2225":"F"},{},{},{},{},{}],"log":["The advisor didn't allow MATH1002 because student failed prereq. MATH1001","The advisor didn't approve ECON2004 because of total credit"],"student_id":"150122063","studentSemester":3}