{"firstName":"Eylül","lastName":"Aslan","transcript":[{"TRD121":"CB","CSE1200":"CB","PHYS1103":"CC","CSE1241":"F","PHYS1101":"DD","ATA121":"CC","MBG1201":"DC","MATH1001":"CC"},{"PHYS1104":"AA","TRD122":"CC","PHYS1102":"BA","NTExxx":"F","CSE1241":"DC","ATA122":"BA","MATH2256":"BB","MATH1002":"BB"},{"MATH2055":"DD","NTExxx":"CC","CSE2023":"F","CSE1242":"F","ECON2004":"AA","EE2031":"DC","MATH2059":"DD"},{"CSE2023":"DC","CSE1242":"CC","STAT2253":"AA","EE2032":"BA"},{"CSE3215":"DC","IE3081":"F","CSE2260":"F","CSE3063":"CB","CSE2138":"BB","CSE2225":"CC"},{},{},{}],"log":["The advisor didn't allow CSE1242 because student failed prereq. CSE1241","The advisor didn't allow CSE2225 because student failed prereq. CSE1242","The advisor didn't allow CSE2225 because student failed prereq. CSE1242","The advisor didn't allow CSE2246 because student failed prereq. CSE2225","The advisor didn't allow CSE2138 because student failed prereq. CSE1242","The advisor didn't allow CSE2260 because student failed prereq. CSE1242","The advisor didn't allow CSE2246 because student failed prereq. CSE2225","The advisor didn't allow CSE3033 because student failed prereq. CSE2225","The advisor didn't allow CSE3055 because student failed prereq. CSE2225","The advisor didn't approve CSE3000 because of total credit"],"student_id":"150121129","studentSemester":5}