{"firstName":"Gökhan","lastName":"Sönmez","transcript":[{"TRD121":"AA","CSE1200":"CC","PHYS1103":"DC","CSE1241":"AA","PHYS1101":"DC","ATA121":"AA","MBG1201":"BA","MATH1001":"AA"},{"PHYS1104":"AA","TRD122":"CC","PHYS1102":"DC","NTExxx":"DD","CSE1242":"AA","ATA122":"F","MATH2256":"CB","MATH1002":"BA"},{"MATH2055":"F","CSE2023":"CC","ATA122":"DC","ECON2004":"F","EE2031":"BA","MATH2059":"BA","CSE2225":"DC"},{"CSE2246":"DC","MATH2055":"F","CSE2260":"BA","ECON2004":"BB","STAT2253":"F","EE2032":"DD"},{"MATH2055":"AA","CSE3055":"CB","CSE3033":"DC","CSE3063":"DD","STAT2253":"BB","CSE2138":"AA"},{},{},{}],"log":["The advisor didn't approve CSE2138 because of total credit","The advisor didn't allow IE3081 because student failed prereq. STAT2253","The advisor didn't approve CSE3215 because of total credit","The advisor didn't approve CSE3000 because of total credit"],"student_id":"150121137","studentSemester":5}