{"firstName":"Umut","lastName":"Yılmaz","transcript":[{"TRD121":"AA","CSE1200":"DC","PHYS1103":"DC","CSE1241":"AA","PHYS1101":"BB","ATA121":"AA","MBG1201":"CC","MATH1001":"BA"},{"PHYS1104":"CC","TRD122":"AA","PHYS1102":"CB","NTExxx":"CC","CSE1242":"BA","ATA122":"DD","MATH2256":"CC","MATH1002":"DC"},{"MATH2055":"DC","CSE2023":"DC","ECON2004":"F","EE2031":"CC","MATH2059":"AA","CSE2225":"CC"},{"CSE2246":"CB","ECON2004":"F","STAT2253":"CB","CSE2138":"BA","EE2032":"CC"},{"IE3081":"DC","CSE3055":"BB","CSE3000":"CC","CSE2260":"DD","CSE3063":"AA","ECON2004":"DD"},{},{},{}],"log":["The advisor didn't approve CSE2260 because of total credit","The advisor didn't approve CSE3033 because of total credit","The advisor didn't approve CSE3215 because of total credit"],"student_id":"150121134","studentSemester":5}