{"firstName":"Hülya","lastName":"Yıldırım","transcript":[{"TRD121":"CC","CSE1200":"BA","PHYS1103":"DC","CSE1241":"F","PHYS1101":"DC","ATA121":"AA","MBG1201":"AA","MATH1001":"DC"},{"PHYS1104":"CB","TRD122":"CB","PHYS1102":"F","NTExxx":"CB","CSE1241":"F","ATA122":"BB","MATH2256":"CB","MATH1002":"DC"},{"MATH2055":"BB","PHYS1102":"CC","CSE2023":"AA","CSE1241":"BA","ECON2004":"F","MATH2059":"AA"},{"CSE1242":"AA","ECON2004":"DD","STAT2253":"AA","EE2031":"BB"},{"CSE3215":"CC","IE3081":"BB","CSE2260":"F","CSE3063":"F","CSE2138":"BB","CSE2225":"F"},{},{},{}],"log":["The advisor didn't allow CSE1242 because student failed prereq. CSE1241","The advisor didn't allow CSE1242 because student failed prereq. CSE1241","The advisor didn't allow CSE2225 because student failed prereq. CSE1242","The advisor didn't allow EE2031 because student failed prereq. PHYS1102","The advisor didn't allow CSE2225 because student failed prereq. CSE1242","The advisor didn't allow CSE2246 because student failed prereq. CSE2225","The advisor didn't allow CSE2138 because student failed prereq. CSE1242","The advisor didn't allow CSE2260 because student failed prereq. CSE1242","The advisor didn't allow EE2032 because student failed prereq. EE2031","The advisor didn't allow CSE2246 because student failed prereq. CSE2225","The advisor didn't allow CSE3033 because student failed prereq. CSE2225","The advisor didn't allow CSE3055 because student failed prereq. CSE2225","The advisor didn't approve CSE3000 because of total credit","The advisor didn't approve EE2032 because of total credit"],"student_id":"150121106","studentSemester":5}