{"firstName":"Ali","lastName":"Ertekin","transcript":[{"TRD121":"DD","CSE1200":"CC","PHYS1103":"CB","CSE1241":"AA","PHYS1101":"DC","ATA121":"F","MBG1201":"AA","MATH1001":"CB"},{"PHYS1104":"CC","TRD122":"AA","PHYS1102":"BB","NTExxx":"BB","CSE1242":"CC","ATA121":"F","MATH2256":"AA","MATH1002":"DC"},{"MATH2055":"BA","CSE2023":"DD","ATA121":"AA","ECON2004":"CC","EE2031":"AA","MATH2059":"BA","CSE2225":"CC"},{},{},{},{},{}],"log":["The advisor didn't allow ATA122 because student failed prereq. ATA121","The advisor didn't allow ATA122 because student failed prereq. ATA121"],"student_id":"150122089","studentSemester":3}