{"firstName":"Aysel","lastName":"Barbaros","transcript":[{"TRD121":"BB","CSE1200":"CC","PHYS1103":"F","CSE1241":"BA","PHYS1101":"DC","ATA121":"CB","MBG1201":"F","MATH1001":"AA"},{"TRD122":"CB","PHYS1102":"CB","PHYS1103":"CC","CSE1242":"DC","ATA122":"CC","MBG1201":"CC","MATH2256":"AA","MATH1002":"DD"},{"PHYS1104":"CC","MATH2055":"DD","NTExxx":"CB","CSE2023":"CC","EE2031":"AA","MATH2059":"CB","CSE2225":"CC"},{"CSE2246":"BB","ECON2004":"CC","STAT2253":"CC","CSE2138":"AA","EE2032":"DC"},{"CSE3215":"F","IE3081":"F","CSE3055":"F","CSE3000":"CC","CSE2260":"CC","CSE3063":"CC"},{},{},{}],"log":["The advisor didn't allow PHYS1104 because student failed prereq. PHYS1103","The advisor didn't approve NTExxx because of total credit","The advisor didn't approve ECON2004 because of total credit","The advisor didn't approve CSE2260 because of total credit","The advisor didn't approve CSE3033 because of total credit"],"student_id":"150121138","studentSemester":5}