{"firstName":"Fatma","lastName":"Dede","transcript":[{"TRD121":"DC","CSE1200":"AA","PHYS1103":"DD","CSE1241":"AA","PHYS1101":"AA","ATA121":"F","MBG1201":"BA","MATH1001":"CC"},{"PHYS1104":"AA","TRD122":"CC","PHYS1102":"AA","NTExxx":"DD","CSE1242":"DC","ATA121":"CB","MATH2256":"DD","MATH1002":"CC"},{"MATH2055":"BB","CSE2023":"CB","ATA122":"CC","ECON2004":"CC","EE2031":"DC","MATH2059":"DC","CSE2225":"AA"},{"CSE2246":"DD","CSE2260":"CC","STAT2253":"CB","CSE2138":"CC","EE2032":"F"},{"CSE3215":"F","IE3081":"CC","CSE3055":"BA","CSE3000":"BA","CSE3063":"CC","EE2032":"CC"},{"CSE3215":"DD","CSE3038":"AA","CSE3033":"AA","COM2202":"DC","IE3235":"AA"},{"UE":"BA","CSE3048":"CB","CSE4083":"CB","CSE3044":"CC","ISG121":"CB","CSE3264":"DC","CSE4288":"F"},{}],"log":["The advisor didn't allow ATA122 because student failed prereq. ATA121","The advisor didn't approve CSE3033 because of total credit","The advisor didn't approve CSE3048 because of total credit","The advisor didn't approve CSE3044 because of total credit","The advisor didn't approve CSE3264 because of total credit","The advisor didn't approve CSE4219 because of total credit","The advisor didn't approve CSE4297 because of total credit","The advisor didn't approve CSE4074 because of total credit","The advisor didn't approve ISG121 because of total credit","The advisor didn't approve CSE4000 because of total credit"],"student_id":"150120172","studentSemester":7}