{"firstName":"Caner","lastName":"Şahin","transcript":[{"TRD121":"F","CSE1200":"BB","PHYS1103":"DD","CSE1241":"DC","PHYS1101":"F","ATA121":"BA","MBG1201":"CB","MATH1001":"CC"},{"PHYS1104":"BA","TRD121":"AA","NTExxx":"DC","CSE1242":"DD","PHYS1101":"DD","ATA122":"CC","MATH2256":"AA","MATH1002":"CC"},{"TRD122":"CC","MATH2055":"AA","PHYS1102":"AA","CSE2023":"DC","ECON2004":"DC","MATH2059":"BA","CSE2225":"CC"},{},{},{},{},{}],"log":["The advisor didn't allow PHYS1102 because student failed prereq. PHYS1101","The advisor didn't allow TRD122 because student failed prereq. TRD121","The advisor didn't allow EE2031 because student failed prereq. PHYS1102"],"student_id":"150122057","studentSemester":3}