{"firstName":"Ömer","lastName":"Karakum","transcript":[{"TRD121":"DC","CSE1200":"AA","PHYS1103":"BA","CSE1241":"CC","PHYS1101":"DC","ATA121":"BA","MBG1201":"CB","MATH1001":"AA"},{"PHYS1104":"CC","TRD122":"BB","PHYS1102":"DC","NTExxx":"F","CSE1242":"DC","ATA122":"AA","MATH2256":"BA","MATH1002":"DC"},{"MATH2055":"F","NTExxx":"CB","CSE2023":"F","EE2031":"CC","MATH2059":"CB","CSE2225":"AA"},{},{},{},{},{}],"log":["The advisor didn't approve ECON2004 because of total credit"],"student_id":"150122087","studentSemester":3}