{"firstName":"Derya","lastName":"Erdem","transcript":[{"TRD121":"AA","CSE1200":"AA","PHYS1103":"AA","CSE1241":"AA","PHYS1101":"DC","ATA121":"BA","MBG1201":"F","MATH1001":"AA"},{"PHYS1104":"AA","TRD122":"BB","PHYS1102":"DD","NTExxx":"CC","ATA122":"AA","MBG1201":"CB","MATH2256":"DC","MATH1002":"CC"},{"MATH2055":"AA","CSE2023":"CB","CSE1242":"AA","ECON2004":"AA","EE2031":"CC","MATH2059":"AA"},{},{},{},{},{}],"log":["The advisor didn't approve CSE1242 because of total credit","The advisor didn't allow CSE2225 because student failed prereq. CSE1242"],"student_id":"150122069","studentSemester":3}