{"firstName":"Mert","lastName":"Kaplan","transcript":[{"TRD121":"AA","CSE1200":"BB","PHYS1103":"F","CSE1241":"DC","PHYS1101":"CB","ATA121":"CB","MBG1201":"CB","MATH1001":"AA"},{"TRD122":"DC","PHYS1102":"DD","PHYS1103":"F","NTExxx":"DC","CSE1242":"DC","ATA122":"CB","MATH2256":"DD","MATH1002":"DC"},{"MATH2055":"BA","PHYS1103":"CC","CSE2023":"CB","ECON2004":"AA","EE2031":"AA","MATH2059":"DC","CSE2225":"DC"},{"CSE2246":"DC","PHYS1104":"AA","CSE2260":"DC","STAT2253":"CC","CSE2138":"AA","EE2032":"CC"},{"CSE3215":"CC","IE3081":"AA","CSE3055":"DD","CSE3000":"DC","CSE3033":"CC","CSE3063":"BA"},{},{},{}],"log":["The advisor didn't allow PHYS1104 because student failed prereq. PHYS1103","The advisor didn't allow PHYS1104 because student failed prereq. PHYS1103"],"student_id":"150121125","studentSemester":5}