{"firstName":"Emre","lastName":"Şahin","transcript":[{"TRD121":"CC","CSE1200":"AA","PHYS1103":"AA","CSE1241":"DC","PHYS1101":"AA","ATA121":"CC","MBG1201":"AA","MATH1001":"F"},{"PHYS1104":"BA","TRD122":"CC","PHYS1102":"BB","NTExxx":"CB","CSE1242":"AA","ATA122":"AA","MATH1001":"DD","MATH2256":"BA"},{"MATH2055":"CC","CSE2023":"DC","MATH1002":"DD","EE2031":"DD","MATH2059":"CB","CSE2225":"AA"},{},{},{},{},{}],"log":["The advisor didn't allow MATH1002 because student failed prereq. MATH1001","The advisor didn't approve ECON2004 because of total credit"],"student_id":"150122093","studentSemester":3}