{"firstName":"Gamze","lastName":"Kaplan","transcript":[{"TRD121":"BB","CSE1200":"AA","PHYS1103":"F","CSE1241":"DD","PHYS1101":"CC","ATA121":"AA","MBG1201":"CB","MATH1001":"DD"},{"TRD122":"AA","PHYS1102":"CB","PHYS1103":"CC","NTExxx":"F","CSE1242":"F","ATA122":"AA","MATH2256":"BB","MATH1002":"DC"},{"PHYS1104":"AA","MATH2055":"BB","NTExxx":"DC","CSE2023":"AA","CSE1242":"DC","EE2031":"F","MATH2059":"F"},{},{},{},{},{}],"log":["The advisor didn't allow PHYS1104 because student failed prereq. PHYS1103","The advisor didn't allow CSE2225 because student failed prereq. CSE1242","The advisor didn't approve ECON2004 because of total credit"],"student_id":"150122095","studentSemester":3}