{"firstName":"Gökhan","lastName":"Kartal","transcript":[{"TRD121":"DC","CSE1200":"CC","PHYS1103":"AA","CSE1241":"DD","PHYS1101":"BA","ATA121":"DD","MBG1201":"CC","MATH1001":"CC"},{"PHYS1104":"DD","TRD122":"BA","PHYS1102":"CB","NTExxx":"CB","CSE1242":"CC","ATA122":"CC","MATH2256":"CC","MATH1002":"CC"},{"MATH2055":"AA","CSE2023":"CC","ECON2004":"BA","EE2031":"AA","MATH2059":"AA","CSE2225":"CB"},{"CSE2246":"AA","CSE2260":"DD","STAT2253":"AA","CSE2138":"CC","EE2032":"AA"},{"CSE3215":"CC","IE3081":"DC","CSE3055":"BA","CSE3000":"BB","CSE3033":"DC","CSE3063":"DC"},{"CSE3038":"DC","CSE3048":"DC","CSE3044":"CC","COM2202":"F","CSE3264":"DC","IE3235":"DD"},{"UE":"BA","CSE4219":"AA","CSE4061":"CC","CSE4074":"DC","ISG121":"DC","COM2202":"DC","CSE4000":"DC","CSE4297":"DC","CSE4288":"DD"},{}],"log":[],"student_id":"150120184","studentSemester":7}