{"firstName":"Ecrin","lastName":"Aksel","transcript":[{"TRD121":"F","CSE1200":"AA","PHYS1103":"CC","CSE1241":"CC","PHYS1101":"F","ATA121":"CB","MBG1201":"F","MATH1001":"BB"},{"PHYS1104":"DD","TRD121":"AA","NTExxx":"DD","CSE1242":"F","PHYS1101":"DC","ATA122":"AA","MBG1201":"BA","MATH1002":"DC"},{"TRD122":"AA","MATH2055":"CC","PHYS1102":"DD","CSE1242":"BA","ECON2004":"F","MATH2256":"DD","MATH2059":"AA"},{"CSE2023":"AA","CSE2260":"BA","STAT2253":"AA","EE2031":"CC","CSE2225":"BB"},{"CSE2246":"DC","IE3081":"F","CSE3055":"DD","CSE3063":"CB","ECON2004":"BB","CSE2138":"CC","EE2032":"CB"},{"CSE3215":"CC","CSE3000":"DC","COM2202":"DD","IE3235":"BA"},{"UE":"F","CSE4082":"F","IE3081":"BB","CSE3033":"BB","CSE3044":"AA","CSE4288":"BB"},{}],"log":["The advisor didn't allow PHYS1102 because student failed prereq. PHYS1101","The advisor didn't allow TRD122 because student failed prereq. TRD121","The advisor didn't approve MATH2256 because of total credit","The advisor didn't allow CSE2225 because student failed prereq. CSE1242","The advisor didn't allow EE2031 because student failed prereq. PHYS1102","The advisor didn't approve CSE2023 because of total credit","The advisor didn't allow CSE2246 because student failed prereq. CSE2225","The advisor didn't allow EE2032 because student failed prereq. EE2031","The advisor didn't approve ECON2004 because of total credit","The advisor didn't approve CSE2138 because of total credit","The advisor didn't approve CSE3215 because of total credit","The advisor didn't approve CSE3000 because of total credit","The advisor didn't approve CSE3033 because of total credit","The advisor didn't approve CSE3044 because of total credit","The advisor didn't approve CSE3038 because of total credit","The advisor didn't approve CSE3048 because of total credit","The advisor didn't approve IE3081 because of total credit","The advisor didn't approve CSE3264 because of total credit","The advisor didn't approve CSE3033 because of total credit","The advisor didn't allow CSE4219 because student failed prereq. CSE3038","The advisor didn't approve CSE4000 because of total credit","The advisor didn't approve CSE4074 because of total credit","The advisor didn't approve CSE3264 because of total credit","The advisor didn't approve CSE4297 because of total credit","The advisor didn't approve CSE3048 because of total credit","The advisor didn't approve ISG121 because of total credit","The advisor didn't approve CSE3038 because of total credit"],"student_id":"150120175","studentSemester":7}