{"firstName":"Emrah","lastName":"Öztürk","transcript":[{"TRD121":"DC","CSE1200":"CC","PHYS1103":"CC","CSE1241":"BB","PHYS1101":"DC","ATA121":"DD","MBG1201":"CB","MATH1001":"DC"},{"PHYS1104":"AA","TRD122":"F","PHYS1102":"DD","NTExxx":"DD","CSE1242":"DD","ATA122":"DC","MATH2256":"DD","MATH1002":"DD"},{"TRD122":"BB","MATH2055":"AA","CSE2023":"DD","ECON2004":"AA","EE2031":"AA","MATH2059":"AA","CSE2225":"CC"},{"CSE2246":"DC","CSE2260":"AA","STAT2253":"F","CSE2138":"CC","EE2032":"F"},{"CSE3055":"F","CSE3000":"BB","CSE3033":"DC","CSE3063":"DC","STAT2253":"DC","EE2032":"CB"},{},{},{}],"log":["The advisor didn't allow IE3081 because student failed prereq. STAT2253","The advisor didn't approve CSE3215 because of total credit"],"student_id":"150121101","studentSemester":5}