{"firstName":"Fatih","lastName":"Karakum","transcript":[{"TRD121":"AA","CSE1200":"F","PHYS1103":"DD","CSE1241":"CC","PHYS1101":"BB","ATA121":"BB","MBG1201":"DC","MATH1001":"CB"},{"PHYS1104":"BA","CSE1200":"BA","TRD122":"AA","PHYS1102":"AA","NTExxx":"DC","ATA122":"DC","MATH2256":"F","MATH1002":"BB"},{"MATH2055":"BB","CSE2023":"DD","CSE1242":"AA","MATH2256":"F","EE2031":"CC","MATH2059":"DC"},{},{},{},{},{}],"log":["The advisor didn't approve CSE1242 because of total credit","The advisor didn't allow CSE2225 because student failed prereq. CSE1242","The advisor didn't approve ECON2004 because of total credit"],"student_id":"150122091","studentSemester":3}