{"firstName":"Efe","lastName":"Erdem","transcript":[{"TRD121":"DC","CSE1200":"CB","PHYS1103":"CC","CSE1241":"AA","PHYS1101":"CB","ATA121":"BB","MBG1201":"BA","MATH1001":"CB"},{"PHYS1104":"DD","TRD122":"CC","PHYS1102":"AA","NTExxx":"DC","CSE1242":"BA","ATA122":"BB","MATH2256":"DD","MATH1002":"CC"},{"MATH2055":"DC","CSE2023":"DD","ECON2004":"CC","EE2031":"DC","MATH2059":"DC","CSE2225":"F"},{"CSE2260":"AA","STAT2253":"CC","CSE2138":"CC","EE2032":"DC","CSE2225":"CC"},{"CSE3215":"DC","CSE2246":"AA","IE3081":"AA","CSE3055":"F","CSE3000":"F","CSE3063":"AA"},{},{},{}],"log":["The advisor didn't allow CSE2246 because student failed prereq. CSE2225","The advisor didn't approve CSE3033 because of total credit"],"student_id":"150121113","studentSemester":5}