{"firstName":"Azra","lastName":"Erkuran","transcript":[{"TRD121":"CB","CSE1200":"AA","PHYS1103":"CB","CSE1241":"DC","PHYS1101":"DC","ATA121":"CC","MBG1201":"AA","MATH1001":"F"},{"PHYS1104":"AA","TRD122":"BA","PHYS1102":"CC","NTExxx":"DC","CSE1242":"DD","ATA122":"DC","MATH1001":"DC","MATH2256":"BB"},{"MATH2055":"AA","CSE2023":"BB","MATH1002":"DC","EE2031":"DC","MATH2059":"DC","CSE2225":"CC"},{"CSE2246":"DC","ECON2004":"BB","STAT2253":"DC","CSE2138":"F","EE2032":"AA"},{"IE3081":"BA","CSE3055":"DC","CSE3000":"DD","CSE2260":"F","CSE3063":"BA","CSE2138":"DC"},{},{},{}],"log":["The advisor didn't allow MATH1002 because student failed prereq. MATH1001","The advisor didn't approve ECON2004 because of total credit","The advisor didn't approve CSE2260 because of total credit","The advisor didn't approve CSE3033 because of total credit","The advisor didn't approve CSE3215 because of total credit"],"student_id":"150121149","studentSemester":5}