{"firstName":"Ela","lastName":"Koç","transcript":[{"TRD121":"AA","CSE1200":"DC","PHYS1103":"BB","CSE1241":"CB","PHYS1101":"F","ATA121":"DC","MBG1201":"DD","MATH1001":"BB"},{"PHYS1104":"AA","TRD122":"DC","NTExxx":"DC","CSE1242":"CB","PHYS1101":"CB","ATA122":"DC","MATH2256":"CC","MATH1002":"AA"},{"MATH2055":"BA","PHYS1102":"F","CSE2023":"CB","ECON2004":"AA","MATH2059":"AA","CSE2225":"AA"},{"CSE2246":"AA","PHYS1102":"BB","CSE2260":"F","STAT2253":"AA","CSE2138":"BB"},{"IE3081":"CC","CSE3055":"F","CSE3000":"BA","CSE2260":"BA","CSE3063":"DC","EE2031":"BB"},{},{},{}],"log":["The advisor didn't allow PHYS1102 because student failed prereq. PHYS1101","The advisor didn't allow EE2031 because student failed prereq. PHYS1102","The advisor didn't allow EE2031 because student failed prereq. PHYS1102","The advisor didn't allow EE2032 because student failed prereq. EE2031","The advisor didn't allow EE2032 because student failed prereq. EE2031","The advisor didn't approve CSE3033 because of total credit","The advisor didn't approve CSE3215 because of total credit"],"student_id":"150121111","studentSemester":5}