{"firstName":"Leyla","lastName":"Kartal","transcript":[{"TRD121":"CB","CSE1200":"CB","PHYS1103":"CC","CSE1241":"CC","PHYS1101":"CB","ATA121":"BA","MBG1201":"DC","MATH1001":"DC"},{"PHYS1104":"BA","TRD122":"BB","PHYS1102":"DC","NTExxx":"AA","CSE1242":"DC","ATA122":"DC","MATH2256":"F","MATH1002":"F"},{"MATH2055":"CC","CSE2023":"AA","MATH2256":"BA","MATH1002":"F","EE2031":"AA","MATH2059":"DD"},{},{},{},{},{}],"log":["The advisor didn't approve ECON2004 because of total credit","The advisor didn't approve CSE2225 because of total credit"],"student_id":"150122076","studentSemester":3}