{"firstName":"Yunus Emre","lastName":"Erdem","transcript":[{"TRD121":"DC","CSE1200":"DC","PHYS1103":"CC","CSE1241":"DD","PHYS1101":"DD","ATA121":"AA","MBG1201":"CC","MATH1001":"DD"},{"PHYS1104":"DD","TRD122":"AA","PHYS1102":"BB","NTExxx":"BB","CSE1242":"DD","ATA122":"DC","MATH2256":"BB","MATH1002":"BB"},{"MATH2055":"BA","CSE2023":"DC","ECON2004":"AA","EE2031":"AA","MATH2059":"DD","CSE2225":"DC"},{"CSE2246":"BB","CSE2260":"CB","STAT2253":"CC","CSE2138":"DC","EE2032":"CC"},{"CSE3215":"CC","IE3081":"DD","CSE3055":"DC","CSE3000":"F","CSE3033":"F","CSE3063":"CC"},{"CSE3000":"BB","CSE3033":"CB","COM2202":"CC","IE3235":"AA"},{"UE":"F","CSE3048":"AA","CSE4083":"AA","CSE3044":"DC","CSE3264":"DD","CSE4288":"AA"},{}],"log":["The advisor didn't approve CSE3048 because of total credit","The advisor didn't approve CSE3044 because of total credit","The advisor didn't approve CSE3264 because of total credit","The advisor didn't approve CSE3038 because of total credit","The advisor didn't allow CSE4219 because student failed prereq. CSE3038","The advisor didn't approve CSE4074 because of total credit","The advisor didn't approve CSE4297 because of total credit","The advisor didn't approve CSE4000 because of total credit","The advisor didn't approve ISG121 because of total credit","The advisor didn't approve CSE3038 because of total credit"],"student_id":"150120188","studentSemester":7}