{"firstName":"Ömer","lastName":"Doğan","transcript":[{"TRD121":"CC","CSE1200":"F","PHYS1103":"DC","CSE1241":"DC","PHYS1101":"BA","ATA121":"F","MBG1201":"CB","MATH1001":"BA"},{"PHYS1104":"CB","CSE1200":"DC","TRD122":"AA","PHYS1102":"DC","NTExxx":"F","ATA121":"BA","MATH2256":"DC","MATH1002":"AA"},{"MATH2055":"DD","NTExxx":"DC","CSE2023":"F","CSE1242":"AA","ATA122":"AA","EE2031":"DC","MATH2059":"BA"},{},{},{},{},{}],"log":["The advisor didn't allow ATA122 because student failed prereq. ATA121","The advisor didn't approve CSE1242 because of total credit","The advisor didn't allow CSE2225 because student failed prereq. CSE1242","The advisor didn't approve ECON2004 because of total credit"],"student_id":"150122065","studentSemester":3}