{"firstName":"Betül","lastName":"Yılmaz","transcript":[{"TRD121":"AA","CSE1200":"CC","PHYS1103":"DC","CSE1241":"AA","PHYS1101":"CB","ATA121":"F","MBG1201":"DC","MATH1001":"CB"},{"PHYS1104":"BA","TRD122":"CC","PHYS1102":"AA","NTExxx":"AA","CSE1242":"CC","ATA121":"AA","MATH2256":"DC","MATH1002":"CC"},{"MATH2055":"CC","CSE2023":"F","ATA122":"BB","ECON2004":"BB","EE2031":"DD","MATH2059":"F","CSE2225":"CC"},{"CSE2246":"DD","CSE2023":"BB","STAT2253":"AA","MATH2059":"BB","EE2032":"DC"},{"IE3081":"AA","CSE3055":"CC","CSE3000":"CB","CSE2260":"CC","CSE3063":"CB","CSE2138":"CB"},{"CSE3215":"CC","CSE3038":"F","CSE3033":"AA","COM2202":"BB","IE3235":"AA"},{"UE":"F","CSE3048":"AA","CSE4062":"DC","CSE3044":"F","CSE3264":"BA","CSE4288":"DC"},{}],"log":["The advisor didn't allow ATA122 because student failed prereq. ATA121","The advisor didn't approve CSE2138 because of total credit","The advisor didn't approve CSE2260 because of total credit","The advisor didn't approve CSE3033 because of total credit","The advisor didn't approve CSE3215 because of total credit","The advisor didn't approve CSE3048 because of total credit","The advisor didn't approve CSE3044 because of total credit","The advisor didn't approve CSE3264 because of total credit","The advisor didn't allow CSE4219 because student failed prereq. CSE3038","The advisor didn't approve CSE4074 because of total credit","The advisor didn't approve CSE4297 because of total credit","The advisor didn't approve CSE4000 because of total credit","The advisor didn't approve ISG121 because of total credit","The advisor didn't approve CSE3038 because of total credit"],"student_id":"150120158","studentSemester":7}