{"firstName":"Caner","lastName":"Doğan","transcript":[{"TRD121":"DD","CSE1200":"DC","PHYS1103":"DD","CSE1241":"DC","PHYS1101":"DD","ATA121":"AA","MBG1201":"BA","MATH1001":"DC"},{"PHYS1104":"F","TRD122":"CB","PHYS1102":"DD","NTExxx":"CC","CSE1242":"CC","ATA122":"DC","MATH2256":"DC","MATH1002":"CC"},{"PHYS1104":"DC","MATH2055":"AA","CSE2023":"CB","ECON2004":"AA","EE2031":"DC","MATH2059":"F","CSE2225":"CC"},{"CSE2246":"F","STAT2253":"CC","CSE2138":"AA","MATH2059":"AA","EE2032":"CC"},{"CSE2246":"DC","IE3081":"DC","CSE3055":"BB","CSE3000":"DC","CSE2260":"AA","CSE3063":"DD"},{"CSE3215":"DC","CSE3038":"DC","CSE3033":"CC","COM2202":"CC","IE3235":"DD"},{"UE":"DD","CSE3048":"DC","CSE4082":"CC","CSE3044":"BB","ISG121":"BA","CSE3264":"BA","CSE4288":"BA"},{}],"log":["The advisor didn't approve CSE2260 because of total credit","The advisor didn't approve CSE3033 because of total credit","The advisor didn't approve CSE3215 because of total credit","The advisor didn't approve CSE3048 because of total credit","The advisor didn't approve CSE3044 because of total credit","The advisor didn't approve CSE3264 because of total credit","The advisor didn't approve CSE4219 because of total credit","The advisor didn't approve CSE4297 because of total credit","The advisor didn't approve CSE4074 because of total credit","The advisor didn't approve ISG121 because of total credit","The advisor didn't approve CSE4000 because of total credit"],"student_id":"150120152","studentSemester":7}