{"firstName":"Ceren","lastName":"Erkuran","transcript":[{"TRD121":"AA","CSE1200":"CC","PHYS1103":"CB","CSE1241":"CC","PHYS1101":"DC","ATA121":"CB","MBG1201":"CC","MATH1001":"CC"},{"PHYS1104":"F","TRD122":"AA","PHYS1102":"AA","NTExxx":"AA","CSE1242":"BA","ATA122":"BB","MATH2256":"DD","MATH1002":"F"},{"PHYS1104":"DD","MATH2055":"CC","CSE2023":"BB","MATH1002":"DC","EE2031":"CB","MATH2059":"BB"},{},{},{},{},{}],"log":["The advisor didn't approve ECON2004 because of total credit","The advisor didn't approve CSE2225 because of total credit"],"student_id":"150122066","studentSemester":3}