{"firstName":"Azra","lastName":"Erdem","transcript":[{"TRD121":"DC","CSE1200":"CB","PHYS1103":"DC","CSE1241":"AA","PHYS1101":"F","ATA121":"BA","MBG1201":"F","MATH1001":"CC"},{"PHYS1104":"CC","TRD122":"AA","CSE1242":"BA","PHYS1101":"F","ATA122":"DC","MBG1201":"F","MATH2256":"CB","MATH1002":"BB"},{"MATH2055":"CB","NTExxx":"F","PHYS1101":"DD","ECON2004":"CB","MBG1201":"BA","MATH2059":"CB"},{"PHYS1102":"DD","NTExxx":"CB","CSE2260":"BA","STAT2253":"CC","CSE2138":"DC","CSE2225":"CC"},{"CSE2246":"AA","CSE2023":"F","IE3081":"BB","CSE3055":"DD","CSE3063":"CB","EE2031":"BB"},{},{},{}],"log":["The advisor didn't allow PHYS1102 because student failed prereq. PHYS1101","The advisor didn't approve NTExxx because of total credit","The advisor didn't allow PHYS1102 because student failed prereq. PHYS1101","The advisor didn't allow EE2031 because student failed prereq. PHYS1102","The advisor didn't approve CSE2225 because of total credit","The advisor didn't approve CSE2023 because of total credit","The advisor didn't allow EE2031 because student failed prereq. PHYS1102","The advisor didn't allow CSE2246 because student failed prereq. CSE2225","The advisor didn't allow EE2032 because student failed prereq. EE2031","The advisor didn't approve CSE2023 because of total credit","The advisor didn't allow EE2032 because student failed prereq. EE2031","The advisor didn't approve CSE3215 because of total credit","The advisor didn't approve CSE3033 because of total credit","The advisor didn't approve CSE3000 because of total credit"],"student_id":"150121118","studentSemester":5}