{"firstName":"Pınar","lastName":"Kaya","transcript":[{"TRD121":"F","CSE1200":"AA","PHYS1103":"DD","CSE1241":"F","PHYS1101":"CC","ATA121":"AA","MBG1201":"BB","MATH1001":"F"},{"PHYS1104":"BA","TRD121":"BB","PHYS1102":"DC","NTExxx":"DD","CSE1241":"CB","ATA122":"DD","MATH1001":"DD","MATH2256":"CB"},{"TRD122":"F","MATH2055":"DC","CSE2023":"DC","CSE1242":"BB","MATH1002":"AA","EE2031":"CC","MATH2059":"BA"},{},{},{},{},{}],"log":["The advisor didn't allow CSE1242 because student failed prereq. CSE1241","The advisor didn't allow MATH1002 because student failed prereq. MATH1001","The advisor didn't allow TRD122 because student failed prereq. TRD121","The advisor didn't allow CSE2225 because student failed prereq. CSE1242","The advisor didn't approve ECON2004 because of total credit"],"student_id":"150122056","studentSemester":3}