{"firstName":"Mustafa","lastName":"Demir","transcript":[{"TRD121":"AA","CSE1200":"CC","PHYS1103":"AA","CSE1241":"BA","PHYS1101":"CC","ATA121":"DD","MBG1201":"AA","MATH1001":"DC"},{"PHYS1104":"AA","TRD122":"CB","PHYS1102":"AA","NTExxx":"DD","CSE1242":"F","ATA122":"BB","MATH2256":"CC","MATH1002":"DC"},{"MATH2055":"BA","CSE2023":"AA","CSE1242":"DC","ECON2004":"BA","EE2031":"BB","MATH2059":"DC"},{},{},{},{},{}],"log":["The advisor didn't allow CSE2225 because student failed prereq. CSE1242"],"student_id":"150122099","studentSemester":3}