{"firstName":"Osman","lastName":"Kartal","transcript":[{"TRD121":"CC","CSE1200":"BB","PHYS1103":"AA","CSE1241":"BB","PHYS1101":"CC","ATA121":"F","MBG1201":"DC","MATH1001":"AA"},{"PHYS1104":"AA","TRD122":"DD","PHYS1102":"BA","NTExxx":"DD","CSE1242":"CB","ATA121":"AA","MATH2256":"AA","MATH1002":"F"},{"MATH2055":"AA","CSE2023":"DC","ATA122":"BA","MATH1002":"AA","EE2031":"AA","MATH2059":"AA"},{"ECON2004":"CB","STAT2253":"BA","CSE2138":"CC","EE2032":"BB","CSE2225":"AA"},{"CSE2246":"BB","IE3081":"DC","CSE3055":"CB","CSE3000":"DC","CSE2260":"DC","CSE3063":"CC"},{"CSE3215":"BA","CSE3038":"CC","CSE3033":"F","COM2202":"DC","IE3235":"DC"},{"UE":"CB","CSE3048":"AA","CSE3033":"BA","CSE3044":"BA","CSE4065":"AA","CSE4288":"AA"},{}],"log":["The advisor didn't allow ATA122 because student failed prereq. ATA121","The advisor didn't approve ECON2004 because of total credit","The advisor didn't approve CSE2225 because of total credit","The advisor didn't allow CSE2246 because student failed prereq. CSE2225","The advisor didn't approve CSE2260 because of total credit","The advisor didn't approve CSE3033 because of total credit","The advisor didn't approve CSE3215 because of total credit","The advisor didn't approve CSE3048 because of total credit","The advisor didn't approve CSE3044 because of total credit","The advisor didn't approve CSE3264 because of total credit","The advisor didn't approve CSE4219 because of total credit","The advisor didn't approve CSE4074 because of total credit","The advisor didn't approve CSE4297 because of total credit","The advisor didn't approve CSE4000 because of total credit","The advisor didn't approve ISG121 because of total credit","The advisor didn't approve CSE3264 because of total credit"],"student_id":"150120167","studentSemester":7}