{"firstName":"Ecrin","lastName":"Dede","transcript":[{"TRD121":"CB","CSE1200":"CB","PHYS1103":"DC","CSE1241":"BA","PHYS1101":"BB","ATA121":"F","MBG1201":"BB","MATH1001":"BA"},{"PHYS1104":"CC","TRD122":"DC","PHYS1102":"DC","NTExxx":"AA","CSE1242":"BB","ATA121":"CC","MATH2256":"CC","MATH1002":"AA"},{"MATH2055":"BB","CSE2023":"CC","ATA122":"DC","ECON2004":"BA","EE2031":"DD","MATH2059":"BB","CSE2225":"DD"},{},{},{},{},{}],"log":["The advisor didn't allow ATA122 because student failed prereq. ATA121"],"student_id":"150122090","studentSemester":3}