{"firstName":"Mert","lastName":"Ertekin","transcript":[{"TRD121":"AA","CSE1200":"BA","PHYS1103":"DC","CSE1241":"DD","PHYS1101":"CC","ATA121":"AA","MBG1201":"CB","MATH1001":"BA"},{"PHYS1104":"BA","TRD122":"DC","PHYS1102":"DC","NTExxx":"DC","CSE1242":"DD","ATA122":"DC","MATH2256":"AA","MATH1002":"BA"},{"MATH2055":"BB","CSE2023":"AA","ECON2004":"DD","EE2031":"DC","MATH2059":"DC","CSE2225":"AA"},{"CSE2246":"DC","CSE2260":"AA","STAT2253":"DD","CSE2138":"AA","EE2032":"AA"},{"CSE3215":"BA","IE3081":"CC","CSE3055":"DD","CSE3000":"CC","CSE3033":"CC","CSE3063":"CC"},{"CSE3038":"BB","CSE3048":"DC","CSE3044":"DD","COM2202":"F","CSE3264":"DD","IE3235":"DC"},{"UE":"F","CSE4219":"AA","CSE4040":"AA","CSE4074":"AA","ISG121":"DC","COM2202":"DC","CSE4000":"DC","CSE4297":"AA","CSE4288":"BA"},{}],"log":[],"student_id":"150120169","studentSemester":7}