{"firstName":"Burak","lastName":"Erdem","transcript":[{"TRD121":"AA","CSE1200":"F","PHYS1103":"CC","CSE1241":"DD","PHYS1101":"DC","ATA121":"BA","MBG1201":"BA","MATH1001":"DC"},{"PHYS1104":"CC","CSE1200":"CC","TRD122":"F","PHYS1102":"AA","NTExxx":"DC","ATA122":"BB","MATH2256":"AA","MATH1002":"AA"},{"TRD122":"DD","MATH2055":"BB","CSE2023":"DC","CSE1242":"CC","ECON2004":"DC","EE2031":"BA","MATH2059":"DC"},{"CSE2260":"BB","STAT2253":"CC","CSE2138":"CC","EE2032":"BA","CSE2225":"DD"},{"CSE3215":"CB","CSE2246":"CC","IE3081":"BA","CSE3055":"DC","CSE3000":"DC","CSE3063":"DC"},{"CSE3038":"DC","CSE3033":"AA","CSE3044":"BB","COM2202":"AA","CSE3264":"BA","IE3235":"CC"},{"UE":"CC","CSE3048":"DC","CSE4219":"F","CSE4061":"DC","CSE4074":"AA","ISG121":"AA","CSE4000":"BA","CSE4288":"DC"},{}],"log":["The advisor didn't approve CSE1242 because of total credit","The advisor didn't allow CSE2225 because student failed prereq. CSE1242","The advisor didn't allow CSE2246 because student failed prereq. CSE2225","The advisor didn't approve CSE3033 because of total credit","The advisor didn't approve CSE3048 because of total credit","The advisor didn't approve CSE4297 because of total credit","The advisor didn't approve ISG121 because of total credit"],"student_id":"150120164","studentSemester":7}