{"firstName":"Osman","lastName":"Şen","transcript":[{"TRD121":"CC","CSE1200":"CC","PHYS1103":"CC","CSE1241":"CC","PHYS1101":"CC","ATA121":"CC","MBG1201":"CC","MATH1001":"BA"},{"PHYS1104":"CC","TRD122":"CB","PHYS1102":"DC","NTExxx":"DC","CSE1242":"BB","ATA122":"CB","MATH2256":"BA","MATH1002":"CC"},{"MATH2055":"CB","CSE2023":"BA","ECON2004":"DC","EE2031":"CB","MATH2059":"CB","CSE2225":"DC"},{"CSE2246":"BB","CSE2260":"DC","STAT2253":"DC","CSE2138":"AA","EE2032":"CB"},{"CSE3215":"DC","IE3081":"DD","CSE3055":"AA","CSE3000":"DC","CSE3033":"BA","CSE3063":"CC"},{},{},{}],"log":[],"student_id":"150121150","studentSemester":5}