{"firstName":"Onur","lastName":"Öztürk","transcript":[{"TRD121":"AA","CSE1200":"DC","PHYS1103":"BA","CSE1241":"CB","PHYS1101":"AA","ATA121":"BA","MBG1201":"CC","MATH1001":"BB"},{"PHYS1104":"AA","TRD122":"BA","PHYS1102":"AA","NTExxx":"F","CSE1242":"CB","ATA122":"BA","MATH2256":"DC","MATH1002":"CC"},{"MATH2055":"BB","NTExxx":"DC","CSE2023":"F","EE2031":"AA","MATH2059":"BB","CSE2225":"DC"},{"CSE2246":"CB","CSE2023":"DC","ECON2004":"CC","STAT2253":"DC","EE2032":"DC"},{"IE3081":"BA","CSE3055":"DC","CSE3000":"AA","CSE2260":"CB","CSE3063":"DC","CSE2138":"DC"},{},{},{}],"log":["The advisor didn't approve ECON2004 because of total credit","The advisor didn't approve CSE2138 because of total credit","The advisor didn't approve CSE2260 because of total credit","The advisor didn't approve CSE3033 because of total credit","The advisor didn't approve CSE3215 because of total credit"],"student_id":"150121147","studentSemester":5}