{"firstName":"Caner","lastName":"Selvi","transcript":[{"TRD121":"AA","CSE1200":"DD","PHYS1103":"BA","CSE1241":"CC","PHYS1101":"AA","ATA121":"DC","MBG1201":"CC","MATH1001":"CB"},{"PHYS1104":"BB","TRD122":"CC","PHYS1102":"F","NTExxx":"CC","CSE1242":"CB","ATA122":"AA","MATH2256":"DC","MATH1002":"F"},{"MATH2055":"DC","PHYS1102":"CC","CSE2023":"DD","ECON2004":"BB","MATH1002":"AA","MATH2059":"CB"},{},{},{},{},{}],"log":["The advisor didn't allow EE2031 because student failed prereq. PHYS1102","The advisor didn't approve CSE2225 because of total credit"],"student_id":"150122086","studentSemester":3}