{"firstName":"Gökhan","lastName":"Selvi","transcript":[{"TRD121":"CC","CSE1200":"DC","PHYS1103":"DC","CSE1241":"AA","PHYS1101":"AA","ATA121":"CC","MBG1201":"DC","MATH1001":"F"},{"PHYS1104":"DC","TRD122":"AA","PHYS1102":"DD","NTExxx":"CB","CSE1242":"F","ATA122":"CB","MATH1001":"BB","MATH2256":"BA"},{"MATH2055":"BB","CSE2023":"F","CSE1242":"DC","MATH1002":"F","EE2031":"AA","MATH2059":"CC"},{"ECON2004":"AA","STAT2253":"CB","MATH1002":"DC","EE2032":"DC","CSE2225":"F"},{"CSE3215":"AA","CSE2023":"F","IE3081":"F","CSE3063":"BB","CSE2138":"BB","CSE2225":"DC"},{"CSE2246":"DC","CSE2023":"CC","COM2202":"AA","CSE2260":"F","IE3235":"DC"},{"UE":"DC","CSE3055":"DC","CSE4040":"AA","CSE3033":"F","CSE2260":"BB","CSE4288":"F"},{}],"log":["The advisor didn't allow MATH1002 because student failed prereq. MATH1001","The advisor didn't allow CSE2225 because student failed prereq. CSE1242","The advisor didn't approve ECON2004 because of total credit","The advisor didn't allow CSE2246 because student failed prereq. CSE2225","The advisor didn't approve CSE2138 because of total credit","The advisor didn't approve CSE2023 because of total credit","The advisor didn't approve CSE2260 because of total credit","The advisor didn't allow CSE2246 because student failed prereq. CSE2225","The advisor didn't allow CSE3033 because student failed prereq. CSE2225","The advisor didn't allow CSE3055 because student failed prereq. CSE2225","The advisor didn't approve CSE3000 because of total credit","The advisor didn't approve CSE2260 because of total credit","The advisor didn't allow CSE3044 because student failed prereq. CSE3055","The advisor didn't allow CSE3264 because student failed prereq. CSE2023","The advisor didn't approve CSE3000 because of total credit","The advisor didn't approve IE3081 because of total credit","The advisor didn't approve CSE3055 because of total credit","The advisor didn't approve CSE3038 because of total credit","The advisor didn't approve CSE3033 because of total credit","The advisor didn't approve CSE3048 because of total credit","The advisor didn't allow CSE3044 because student failed prereq. CSE3055","The advisor didn't allow CSE4219 because student failed prereq. CSE3038","The advisor didn't approve CSE3048 because of total credit","The advisor didn't approve CSE4000 because of total credit","The advisor didn't approve CSE3038 because of total credit","The advisor didn't approve CSE4074 because of total credit","The advisor didn't approve CSE3264 because of total credit","The advisor didn't approve CSE4297 because of total credit","The advisor didn't approve IE3081 because of total credit","The advisor didn't approve ISG121 because of total credit","The advisor didn't approve CSE3000 because of total credit"],"student_id":"150120159","studentSemester":7}