{"firstName":"Ali","lastName":"Yılmaz","transcript":[{"TRD121":"AA","CSE1200":"F","PHYS1103":"BB","CSE1241":"DC","PHYS1101":"DC","ATA121":"DC","MBG1201":"DC","MATH1001":"AA"},{"PHYS1104":"CC","CSE1200":"F","TRD122":"CC","PHYS1102":"BA","NTExxx":"DC","ATA122":"DC","MATH2256":"F","MATH1002":"BA"},{"CSE1200":"DC","MATH2055":"CC","CSE1242":"DC","MATH2256":"CB","EE2031":"F","MATH2059":"DC"},{},{},{},{},{}],"log":["The advisor didn't approve CSE1242 because of total credit","The advisor didn't allow CSE2225 because student failed prereq. CSE1242","The advisor didn't approve ECON2004 because of total credit","The advisor didn't approve CSE2023 because of total credit"],"student_id":"150122084","studentSemester":3}