{"firstName":"Ceren","lastName":"Kaya","transcript":[{"TRD121":"CC","CSE1200":"F","PHYS1103":"AA","CSE1241":"BB","PHYS1101":"AA","ATA121":"DC","MBG1201":"CC","MATH1001":"BA"},{"PHYS1104":"CB","CSE1200":"CC","TRD122":"F","PHYS1102":"DC","NTExxx":"DC","ATA122":"AA","MATH2256":"BB","MATH1002":"DC"},{"TRD122":"AA","MATH2055":"CC","CSE2023":"BB","CSE1242":"CB","ECON2004":"F","EE2031":"F","MATH2059":"CB"},{},{},{},{},{}],"log":["The advisor didn't approve CSE1242 because of total credit","The advisor didn't allow CSE2225 because student failed prereq. CSE1242"],"student_id":"150122098","studentSemester":3}