{"firstName":"Aynur","lastName":"Uyanık","transcript":[{"TRD121":"DC","CSE1200":"DC","PHYS1103":"CB","CSE1241":"DD","PHYS1101":"F","ATA121":"DC","MBG1201":"DD","MATH1001":"F"},{"PHYS1104":"AA","TRD122":"AA","NTExxx":"AA","CSE1242":"DC","PHYS1101":"BA","ATA122":"AA","MATH1001":"F","MATH2256":"DD"},{"MATH2055":"DD","PHYS1102":"BB","CSE2023":"BB","ECON2004":"BA","MATH1001":"AA","CSE2225":"BB"},{"CSE2260":"AA","STAT2253":"BB","MATH1002":"BB","EE2031":"DC","MATH2059":"BA"},{"CSE2246":"CB","IE3081":"CB","CSE3055":"CB","CSE3063":"F","CSE2138":"AA","EE2032":"BB"},{},{},{}],"log":["The advisor didn't allow MATH1002 because student failed prereq. MATH1001","The advisor didn't allow PHYS1102 because student failed prereq. PHYS1101","The advisor didn't allow MATH1002 because student failed prereq. MATH1001","The advisor didn't allow EE2031 because student failed prereq. PHYS1102","The advisor didn't allow MATH2059 because student failed prereq. MATH1001","The advisor didn't allow EE2032 because student failed prereq. EE2031","The advisor didn't approve CSE2246 because of total credit","The advisor didn't approve CSE2138 because of total credit","The advisor didn't approve CSE3215 because of total credit","The advisor didn't approve CSE3033 because of total credit","The advisor didn't approve CSE3000 because of total credit"],"student_id":"150121135","studentSemester":5}