{"firstName":"Özlem","lastName":"Çevik","transcript":[{"TRD121":"CC","CSE1200":"DC","PHYS1103":"DC","CSE1241":"CC","PHYS1101":"CC","ATA121":"DC","MBG1201":"BB","MATH1001":"AA"},{"PHYS1104":"BB","TRD122":"BB","PHYS1102":"AA","NTExxx":"CB","CSE1242":"AA","ATA122":"CC","MATH2256":"CC","MATH1002":"F"},{"MATH2055":"AA","CSE2023":"DC","MATH1002":"CC","EE2031":"DC","MATH2059":"BB","CSE2225":"AA"},{},{},{},{},{}],"log":["The advisor didn't approve ECON2004 because of total credit"],"student_id":"150122051","studentSemester":3}