{"firstName":"Melek","lastName":"Şahin","transcript":[{"TRD121":"DC","CSE1200":"AA","PHYS1103":"CB","CSE1241":"BA","PHYS1101":"DC","ATA121":"AA","MBG1201":"DC","MATH1001":"DC"},{"PHYS1104":"AA","TRD122":"F","PHYS1102":"AA","NTExxx":"CC","CSE1242":"BB","ATA122":"AA","MATH2256":"AA","MATH1002":"CC"},{"TRD122":"AA","MATH2055":"DD","CSE2023":"CC","ECON2004":"DC","EE2031":"BA","MATH2059":"AA","CSE2225":"BB"},{"CSE2246":"CC","CSE2260":"AA","STAT2253":"AA","CSE2138":"DD","EE2032":"CB"},{"CSE3215":"F","IE3081":"BA","CSE3055":"BA","CSE3000":"CB","CSE3033":"F","CSE3063":"BA"},{},{},{}],"log":[],"student_id":"150121115","studentSemester":5}