{"firstName":"Ayten","lastName":"Doğan","transcript":[{"TRD121":"DD","CSE1200":"F","PHYS1103":"BA","CSE1241":"CC","PHYS1101":"AA","ATA121":"BB","MBG1201":"CB","MATH1001":"F"},{"PHYS1104":"AA","CSE1200":"BA","TRD122":"AA","PHYS1102":"CC","CSE1242":"AA","ATA122":"DC","MATH1001":"BB","MATH2256":"CC"},{"MATH2055":"AA","NTExxx":"F","CSE2023":"CC","MATH1002":"F","EE2031":"CB","MATH2059":"AA"},{"NTExxx":"AA","CSE2260":"AA","ECON2004":"BB","STAT2253":"CC","MATH1002":"DC","EE2032":"F"},{"CSE3215":"BB","IE3081":"DC","CSE3063":"AA","CSE2138":"BA","EE2032":"AA","CSE2225":"F"},{"CSE3038":"DC","CSE3000":"CC","COM2202":"F","IE3235":"AA","CSE2225":"CC"},{"UE":"CB","CSE2246":"DC","CSE3048":"F","CSE4093":"DC","CSE3055":"DC","CSE3033":"CC","CSE4288":"F"},{}],"log":["The advisor didn't allow MATH1002 because student failed prereq. MATH1001","The advisor didn't approve NTExxx because of total credit","The advisor didn't approve ECON2004 because of total credit","The advisor didn't approve CSE2225 because of total credit","The advisor didn't allow CSE2246 because student failed prereq. CSE2225","The advisor didn't approve CSE2138 because of total credit","The advisor didn't approve CSE2225 because of total credit","The advisor didn't allow CSE2246 because student failed prereq. CSE2225","The advisor didn't allow CSE3033 because student failed prereq. CSE2225","The advisor didn't allow CSE3055 because student failed prereq. CSE2225","The advisor didn't approve CSE3000 because of total credit","The advisor didn't allow CSE2246 because student failed prereq. CSE2225","The advisor didn't allow CSE3033 because student failed prereq. CSE2225","The advisor didn't allow CSE3055 because student failed prereq. CSE2225","The advisor didn't allow CSE3044 because student failed prereq. CSE3055","The advisor didn't approve CSE3048 because of total credit","The advisor didn't approve CSE3264 because of total credit","The advisor didn't allow CSE3044 because student failed prereq. CSE3055","The advisor didn't approve CSE4074 because of total credit","The advisor didn't approve CSE4000 because of total credit","The advisor didn't approve CSE4219 because of total credit","The advisor didn't approve COM2202 because of total credit","The advisor didn't approve CSE4297 because of total credit","The advisor didn't approve CSE3264 because of total credit","The advisor didn't approve ISG121 because of total credit"],"student_id":"150120178","studentSemester":7}