{"firstName":"Mustafa","lastName":"Tahtacı","transcript":[{"TRD121":"DC","CSE1200":"CC","PHYS1103":"AA","CSE1241":"CB","PHYS1101":"DC","ATA121":"DD","MBG1201":"AA","MATH1001":"CC"},{"PHYS1104":"BA","TRD122":"AA","PHYS1102":"CC","NTExxx":"DC","CSE1242":"CC","ATA122":"BB","MATH2256":"DD","MATH1002":"AA"},{"MATH2055":"BA","CSE2023":"AA","ECON2004":"CB","EE2031":"CC","MATH2059":"CB","CSE2225":"DD"},{"CSE2246":"AA","CSE2260":"F","STAT2253":"F","CSE2138":"AA","EE2032":"BB"},{"CSE3055":"CB","CSE3000":"DD","CSE3033":"DC","CSE2260":"CC","CSE3063":"F","STAT2253":"DD"},{"CSE3215":"F","IE3081":"CC","COM2202":"AA","CSE3063":"F","CSE3264":"DC","IE3235":"CC"},{"CSE3215":"DC","UE":"DC","CSE4070":"AA","CSE3044":"CB","CSE3063":"BB","CSE4288":"DD"},{}],"log":["The advisor didn't allow IE3081 because student failed prereq. STAT2253","The advisor didn't approve CSE3215 because of total credit","The advisor didn't approve CSE3044 because of total credit","The advisor didn't approve CSE3048 because of total credit","The advisor didn't approve CSE3038 because of total credit","The advisor didn't allow CSE4219 because student failed prereq. CSE3038","The advisor didn't approve CSE4074 because of total credit","The advisor didn't approve CSE4000 because of total credit","The advisor didn't approve CSE4297 because of total credit","The advisor didn't approve CSE3038 because of total credit","The advisor didn't approve ISG121 because of total credit","The advisor didn't approve CSE3048 because of total credit"],"student_id":"150120191","studentSemester":7}