{"firstName":"Aysel","lastName":"Dede","transcript":[{"TRD121":"F","CSE1200":"AA","PHYS1103":"AA","CSE1241":"CC","PHYS1101":"CB","ATA121":"BB","MBG1201":"BA","MATH1001":"DC"},{"PHYS1104":"DC","TRD121":"DC","PHYS1102":"F","NTExxx":"DC","CSE1242":"CC","ATA122":"DD","MATH2256":"BB","MATH1002":"CC"},{"TRD122":"DD","MATH2055":"BB","PHYS1102":"DC","CSE2023":"F","ECON2004":"AA","MATH2059":"CC","CSE2225":"DC"},{},{},{},{},{}],"log":["The advisor didn't allow TRD122 because student failed prereq. TRD121","The advisor didn't allow EE2031 because student failed prereq. PHYS1102"],"student_id":"150122074","studentSemester":3}