{"firstName":"Yaşar","lastName":"Kartal","transcript":[{"TRD121":"F","CSE1200":"CC","PHYS1103":"F","CSE1241":"DC","PHYS1101":"AA","ATA121":"CC","MBG1201":"DC","MATH1001":"BA"},{"TRD121":"AA","PHYS1102":"AA","PHYS1103":"DC","NTExxx":"F","CSE1242":"DC","ATA122":"CB","MATH2256":"DC","MATH1002":"DC"},{"PHYS1104":"AA","TRD122":"BA","MATH2055":"BA","NTExxx":"AA","CSE2023":"DC","EE2031":"CC","MATH2059":"DC"},{},{},{},{},{}],"log":["The advisor didn't allow PHYS1104 because student failed prereq. PHYS1103","The advisor didn't allow TRD122 because student failed prereq. TRD121","The advisor didn't approve CSE2225 because of total credit","The advisor didn't approve ECON2004 because of total credit"],"student_id":"150122053","studentSemester":3}