{"firstName":"Serkan","lastName":"Kaplan","transcript":[{"TRD121":"BA","CSE1200":"DC","PHYS1103":"F","CSE1241":"BB","PHYS1101":"BA","ATA121":"AA","MBG1201":"BA","MATH1001":"F"},{"TRD122":"BB","PHYS1102":"AA","PHYS1103":"BA","NTExxx":"AA","CSE1242":"AA","ATA122":"CC","MATH1001":"AA","MATH2256":"DC"},{"PHYS1104":"BA","MATH2055":"DC","CSE2023":"BB","MATH1002":"F","EE2031":"DD","MATH2059":"BA"},{},{},{},{},{}],"log":["The advisor didn't allow MATH1002 because student failed prereq. MATH1001","The advisor didn't allow PHYS1104 because student failed prereq. PHYS1103","The advisor didn't approve ECON2004 because of total credit","The advisor didn't approve CSE2225 because of total credit"],"student_id":"150122081","studentSemester":3}