{"firstName":"Ömer","lastName":"Uyanık","transcript":[{"TRD121":"DC","CSE1200":"BA","PHYS1103":"AA","CSE1241":"AA","PHYS1101":"DC","ATA121":"DD","MBG1201":"DC","MATH1001":"BB"},{"PHYS1104":"BB","TRD122":"BB","PHYS1102":"BA","NTExxx":"AA","CSE1242":"DD","ATA122":"AA","MATH2256":"CC","MATH1002":"F"},{"MATH2055":"DC","CSE2023":"DD","MATH1002":"BB","EE2031":"DC","MATH2059":"BA","CSE2225":"CC"},{"CSE2246":"DC","ECON2004":"AA","STAT2253":"CB","CSE2138":"BB","EE2032":"CC"},{"CSE3215":"DC","IE3081":"DC","CSE3055":"BB","CSE3000":"CB","CSE2260":"DC","CSE3063":"AA"},{},{},{}],"log":["The advisor didn't approve ECON2004 because of total credit","The advisor didn't approve CSE2260 because of total credit","The advisor didn't approve CSE3033 because of total credit"],"student_id":"150121116","studentSemester":5}