{"firstName":"Ali","lastName":"Ertekin","transcript":[{"TRD121":"BA","CSE1200":"F","PHYS1103":"AA","CSE1241":"BB","PHYS1101":"DD","ATA121":"DC","MBG1201":"F","MATH1001":"DC"},{"PHYS1104":"DC","CSE1200":"AA","TRD122":"BA","PHYS1102":"AA","NTExxx":"AA","ATA122":"CC","MBG1201":"CC","MATH2256":"BA","MATH1002":"BA"},{"MATH2055":"CC","CSE2023":"CB","CSE1242":"CB","ECON2004":"DC","EE2031":"AA","MATH2059":"BB"},{"CSE2260":"AA","STAT2253":"F","CSE2138":"DC","EE2032":"F","CSE2225":"AA"},{"CSE2246":"DD","CSE3055":"CC","CSE3033":"DC","CSE3063":"DC","STAT2253":"F","EE2032":"AA"},{},{},{}],"log":["The advisor didn't approve CSE1242 because of total credit","The advisor didn't approve NTExxx because of total credit","The advisor didn't allow CSE2225 because student failed prereq. CSE1242","The advisor didn't allow CSE2246 because student failed prereq. CSE2225","The advisor didn't allow IE3081 because student failed prereq. STAT2253","The advisor didn't approve CSE3215 because of total credit","The advisor didn't approve CSE3000 because of total credit"],"student_id":"150121142","studentSemester":5}