{"firstName":"Aysel","lastName":"Kulaç","transcript":[{"TRD121":"BB","CSE1200":"DD","PHYS1103":"F","CSE1241":"CC","PHYS1101":"DC","ATA121":"BA","MBG1201":"AA","MATH1001":"CB"},{"TRD122":"BA","PHYS1102":"DC","PHYS1103":"BB","NTExxx":"DC","CSE1242":"CC","ATA122":"AA","MATH2256":"CB","MATH1002":"DC"},{"PHYS1104":"CC","MATH2055":"AA","CSE2023":"DC","ECON2004":"BB","EE2031":"CC","MATH2059":"CC","CSE2225":"F"},{"CSE2260":"DC","STAT2253":"AA","CSE2138":"CC","EE2032":"DC","CSE2225":"DD"},{"CSE3215":"DD","CSE2246":"CC","IE3081":"CC","CSE3055":"BA","CSE3000":"AA","CSE3063":"DC"},{"CSE3038":"CB","CSE3033":"BB","CSE3044":"DD","COM2202":"BA","CSE3264":"F","IE3235":"AA"},{"UE":"F","CSE3048":"DC","CSE4074":"DC","CSE4000":"CB","CSE3264":"AA","CSE4288":"DD","CSE4038":"AA"},{}],"log":["The advisor didn't allow PHYS1104 because student failed prereq. PHYS1103","The advisor didn't allow CSE2246 because student failed prereq. CSE2225","The advisor didn't approve CSE3033 because of total credit","The advisor didn't approve CSE3048 because of total credit","The advisor didn't approve CSE4297 because of total credit","The advisor didn't approve CSE4219 because of total credit","The advisor didn't approve ISG121 because of total credit"],"student_id":"150120198","studentSemester":7}