{"firstName":"Gökhan","lastName":"Öztürk","transcript":[{"TRD121":"CB","CSE1200":"CC","PHYS1103":"BA","CSE1241":"AA","PHYS1101":"CC","ATA121":"DD","MBG1201":"BB","MATH1001":"BA"},{"PHYS1104":"BA","TRD122":"BB","PHYS1102":"CC","NTExxx":"AA","CSE1242":"AA","ATA122":"CB","MATH2256":"F","MATH1002":"F"},{"MATH2055":"BB","CSE2023":"F","MATH2256":"CC","MATH1002":"AA","EE2031":"F","MATH2059":"DC"},{},{},{},{},{}],"log":["The advisor didn't approve ECON2004 because of total credit","The advisor didn't approve CSE2225 because of total credit"],"student_id":"150122064","studentSemester":3}