{"firstName":"Berat","lastName":"Karakum","transcript":[{"TRD121":"BB","CSE1200":"AA","PHYS1103":"AA","CSE1241":"BA","PHYS1101":"DC","ATA121":"F","MBG1201":"BB","MATH1001":"DC"},{"PHYS1104":"CC","TRD122":"DD","PHYS1102":"DC","NTExxx":"DC","CSE1242":"DC","ATA121":"BB","MATH2256":"BB","MATH1002":"DC"},{"MATH2055":"DC","CSE2023":"AA","ATA122":"DD","ECON2004":"DC","EE2031":"CC","MATH2059":"AA","CSE2225":"DD"},{},{},{},{},{}],"log":["The advisor didn't allow ATA122 because student failed prereq. ATA121"],"student_id":"150122060","studentSemester":3}