{"firstName":"Hilal","lastName":"Şahin","transcript":[{"TRD121":"BB","CSE1200":"AA","PHYS1103":"BA","CSE1241":"AA","PHYS1101":"F","ATA121":"AA","MBG1201":"BB","MATH1001":"F"},{"PHYS1104":"CC","TRD122":"DC","NTExxx":"CC","CSE1242":"DC","PHYS1101":"DC","ATA122":"DD","MATH1001":"BA","MATH2256":"AA"},{"MATH2055":"AA","PHYS1102":"DC","CSE2023":"DD","ECON2004":"AA","MATH1002":"CC","MATH2059":"DC"},{"CSE2260":"BA","STAT2253":"F","EE2031":"CC","CSE2138":"BA","CSE2225":"F"},{"CSE3215":"DC","CSE3000":"DD","CSE3063":"CB","STAT2253":"BA","EE2032":"AA","CSE2225":"CC"},{"CSE2246":"CB","CSE3055":"DC","CSE3033":"DD","COM2202":"DD","CSE3264":"DD","IE3235":"CB"},{"CSE3038":"DC","UE":"BA","IE3081":"CB","CSE3044":"DD","ISG121":"DD","CSE4056":"CB","CSE4288":"DC"},{}],"log":["The advisor didn't allow MATH1002 because student failed prereq. MATH1001","The advisor didn't allow PHYS1102 because student failed prereq. PHYS1101","The advisor didn't allow EE2031 because student failed prereq. PHYS1102","The advisor didn't approve CSE2225 because of total credit","The advisor didn't allow CSE2246 because student failed prereq. CSE2225","The advisor didn't allow EE2032 because student failed prereq. EE2031","The advisor didn't allow CSE2246 because student failed prereq. CSE2225","The advisor didn't allow CSE3033 because student failed prereq. CSE2225","The advisor didn't allow CSE3055 because student failed prereq. CSE2225","The advisor didn't allow IE3081 because student failed prereq. STAT2253","The advisor didn't allow CSE3044 because student failed prereq. CSE3055","The advisor didn't approve CSE3038 because of total credit","The advisor didn't approve CSE3048 because of total credit","The advisor didn't approve IE3081 because of total credit","The advisor didn't allow CSE4219 because student failed prereq. CSE3038","The advisor didn't approve CSE4074 because of total credit","The advisor didn't approve CSE4297 because of total credit","The advisor didn't approve CSE4000 because of total credit","The advisor didn't approve ISG121 because of total credit","The advisor didn't approve CSE3048 because of total credit"],"student_id":"150120174","studentSemester":7}