{"firstName":"İlayda","lastName":"Akpınar","transcript":[{"TRD121":"CB","CSE1200":"CB","PHYS1103":"CB","CSE1241":"DC","PHYS1101":"DD","ATA121":"DD","MBG1201":"F","MATH1001":"F"},{"PHYS1104":"BA","TRD122":"AA","PHYS1102":"F","CSE1242":"AA","ATA122":"AA","MBG1201":"F","MATH1001":"CC","MATH2256":"CC"},{"MATH2055":"CC","PHYS1102":"AA","NTExxx":"CB","ECON2004":"DC","MBG1201":"CC","MATH1002":"DC","MATH2059":"DC"},{},{},{},{},{}],"log":["The advisor didn't allow MATH1002 because student failed prereq. MATH1001","The advisor didn't approve NTExxx because of total credit","The advisor didn't allow EE2031 because student failed prereq. PHYS1102","The advisor didn't approve CSE2023 because of total credit","The advisor didn't approve CSE2225 because of total credit"],"student_id":"150122077","studentSemester":3}