{"firstName":"Arda","lastName":"Akbulut","transcript":[{"TRD121":"AA","CSE1200":"AA","PHYS1103":"CC","CSE1241":"AA","PHYS1101":"CC","ATA121":"CB","MBG1201":"DC","MATH1001":"DC"},{"PHYS1104":"BB","TRD122":"CB","PHYS1102":"DD","NTExxx":"CC","CSE1242":"DC","ATA122":"F","MATH2256":"BA","MATH1002":"DD"},{"MATH2055":"AA","CSE2023":"DD","ATA122":"AA","ECON2004":"AA","EE2031":"F","MATH2059":"CC","CSE2225":"F"},{"CSE2260":"DC","STAT2253":"BA","EE2031":"CC","CSE2138":"BA","CSE2225":"CB"},{"CSE2246":"CB","IE3081":"DC","CSE3055":"DC","CSE3000":"BA","CSE3063":"AA","EE2032":"CC"},{},{},{}],"log":["The advisor didn't allow CSE2246 because student failed prereq. CSE2225","The advisor didn't allow EE2032 because student failed prereq. EE2031","The advisor didn't approve CSE3033 because of total credit","The advisor didn't approve CSE3215 because of total credit"],"student_id":"150121148","studentSemester":5}