{"firstName":"Hatice","lastName":"Akpınar","transcript":[{"TRD121":"CB","CSE1200":"CB","PHYS1103":"CB","CSE1241":"BB","PHYS1101":"AA","ATA121":"CB","MBG1201":"DD","MATH1001":"AA"},{"PHYS1104":"AA","TRD122":"F","PHYS1102":"DC","NTExxx":"CB","CSE1242":"F","ATA122":"CB","MATH2256":"DD","MATH1002":"BB"},{"TRD122":"DC","MATH2055":"AA","CSE2023":"DC","CSE1242":"CC","ECON2004":"DD","EE2031":"CC","MATH2059":"DC"},{},{},{},{},{}],"log":["The advisor didn't allow CSE2225 because student failed prereq. CSE1242"],"student_id":"150122075","studentSemester":3}