{"firstName":"Semra","lastName":"Şentürk","transcript":[{"TRD121":"AA","CSE1200":"CB","PHYS1103":"DC","CSE1241":"AA","PHYS1101":"AA","ATA121":"AA","MBG1201":"DD","MATH1001":"CC"},{"PHYS1104":"CC","TRD122":"DC","PHYS1102":"DD","NTExxx":"F","CSE1242":"AA","ATA122":"CB","MATH2256":"CC","MATH1002":"CC"},{"MATH2055":"DD","NTExxx":"AA","CSE2023":"CB","EE2031":"AA","MATH2059":"CC","CSE2225":"DD"},{"CSE2246":"AA","ECON2004":"CB","STAT2253":"DD","CSE2138":"DC","EE2032":"CC"},{"CSE3215":"AA","IE3081":"BA","CSE3055":"AA","CSE3000":"BA","CSE2260":"DC","CSE3063":"F"},{},{},{}],"log":["The advisor didn't approve ECON2004 because of total credit","The advisor didn't approve CSE2260 because of total credit","The advisor didn't approve CSE3033 because of total credit"],"student_id":"150121103","studentSemester":5}