{"firstName":"Betül","lastName":"Demir","transcript":[{"TRD121":"DC","CSE1200":"CC","PHYS1103":"AA","CSE1241":"AA","PHYS1101":"AA","ATA121":"F","MBG1201":"CC","MATH1001":"F"},{"PHYS1104":"CB","TRD122":"BB","PHYS1102":"CB","NTExxx":"BB","CSE1242":"F","ATA121":"CB","MATH1001":"F","MATH2256":"CB"},{"MATH2055":"CC","CSE1242":"DC","ATA122":"DC","ECON2004":"BA","MATH1001":"BA","EE2031":"CC"},{"STAT2253":"F","MATH1002":"AA","MATH2059":"AA","EE2032":"DC","CSE2225":"CC"},{"CSE2246":"F","CSE2023":"F","CSE3055":"CB","CSE3033":"CC","CSE3063":"BA","CSE2138":"DC"},{"CSE2246":"AA","CSE2023":"CC","COM2202":"DC","CSE2260":"CC","IE3235":"AA"},{"CSE3215":"DC","UE":"AA","CSE3000":"CC","CSE4085":"DC","STAT2253":"CC"},{}],"log":["The advisor didn't allow ATA122 because student failed prereq. ATA121","The advisor didn't allow MATH1002 because student failed prereq. MATH1001","The advisor didn't allow MATH1002 because student failed prereq. MATH1001","The advisor didn't allow CSE2225 because student failed prereq. CSE1242","The advisor didn't allow MATH2059 because student failed prereq. MATH1001","The advisor didn't approve CSE2023 because of total credit","The advisor didn't allow CSE2246 because student failed prereq. CSE2225","The advisor didn't approve CSE2138 because of total credit","The advisor didn't approve CSE2023 because of total credit","The advisor didn't approve CSE2260 because of total credit","The advisor didn't allow IE3081 because student failed prereq. STAT2253","The advisor didn't approve CSE3000 because of total credit","The advisor didn't approve STAT2253 because of total credit","The advisor didn't approve CSE3215 because of total credit","The advisor didn't approve CSE2260 because of total credit","The advisor didn't allow IE3081 because student failed prereq. STAT2253","The advisor didn't allow CSE3264 because student failed prereq. CSE2023","The advisor didn't approve CSE3215 because of total credit","The advisor didn't approve CSE3038 because of total credit","The advisor didn't approve CSE3000 because of total credit","The advisor didn't approve CSE3044 because of total credit","The advisor didn't approve STAT2253 because of total credit","The advisor didn't approve CSE3048 because of total credit","The advisor didn't allow IE3081 because student failed prereq. STAT2253","The advisor didn't allow CSE4219 because student failed prereq. CSE3038","The advisor didn't approve CSE4000 because of total credit","The advisor didn't approve CSE3048 because of total credit","The advisor didn't approve CSE4074 because of total credit","The advisor didn't approve CSE3044 because of total credit","The advisor didn't approve CSE4297 because of total credit","The advisor didn't approve CSE3038 because of total credit","The advisor didn't approve ISG121 because of total credit","The advisor didn't approve CSE3264 because of total credit","The advisor didn't approve CSE4288 because of total credit"],"student_id":"150120187","studentSemester":7}