{"firstName":"Özlem","lastName":"Korkmaz","transcript":[{"TRD121":"AA","CSE1200":"F","PHYS1103":"DD","CSE1241":"BB","PHYS1101":"CC","ATA121":"CB","MBG1201":"AA","MATH1001":"CC"},{"PHYS1104":"AA","CSE1200":"CC","TRD122":"CC","PHYS1102":"CB","NTExxx":"DD","ATA122":"AA","MATH2256":"BB","MATH1002":"F"},{"MATH2055":"F","CSE2023":"AA","CSE1242":"F","MATH1002":"CC","EE2031":"DC","MATH2059":"F"},{"MATH2055":"CC","CSE1242":"DD","ECON2004":"AA","STAT2253":"CC","MATH2059":"AA","EE2032":"CB"},{"CSE3215":"CC","IE3081":"F","CSE2260":"BA","CSE3063":"AA","CSE2138":"BA","CSE2225":"BB"},{"CSE2246":"AA","CSE3033":"CB","COM2202":"AA","IE3235":"AA"},{"UE":"F","IE3081":"AA","CSE3055":"DC","CSE3000":"BB","CSE4086":"CC"},{}],"log":["The advisor didn't approve CSE1242 because of total credit","The advisor didn't allow CSE2225 because student failed prereq. CSE1242","The advisor didn't approve ECON2004 because of total credit","The advisor didn't allow CSE2225 because student failed prereq. CSE1242","The advisor didn't allow CSE2246 because student failed prereq. CSE2225","The advisor didn't allow CSE2138 because student failed prereq. CSE1242","The advisor didn't allow CSE2260 because student failed prereq. CSE1242","The advisor didn't allow CSE2246 because student failed prereq. CSE2225","The advisor didn't allow CSE3033 because student failed prereq. CSE2225","The advisor didn't allow CSE3055 because student failed prereq. CSE2225","The advisor didn't approve CSE3000 because of total credit","The advisor didn't allow CSE3044 because student failed prereq. CSE3055","The advisor didn't approve CSE3038 because of total credit","The advisor didn't approve IE3081 because of total credit","The advisor didn't approve CSE3048 because of total credit","The advisor didn't approve CSE3000 because of total credit","The advisor didn't approve CSE3264 because of total credit","The advisor didn't approve CSE3055 because of total credit","The advisor didn't allow CSE3044 because student failed prereq. CSE3055","The advisor didn't allow CSE4219 because student failed prereq. CSE3038","The advisor didn't approve CSE4000 because of total credit","The advisor didn't approve CSE4074 because of total credit","The advisor didn't approve CSE3264 because of total credit","The advisor didn't approve CSE4297 because of total credit","The advisor didn't approve CSE3048 because of total credit","The advisor didn't approve ISG121 because of total credit","The advisor didn't approve CSE3038 because of total credit","The advisor didn't approve CSE4288 because of total credit"],"student_id":"150120180","studentSemester":7}