{"firstName":"Selma","lastName":"Ertekin","transcript":[{"TRD121":"AA","CSE1200":"CC","PHYS1103":"F","CSE1241":"DD","PHYS1101":"DC","ATA121":"CC","MBG1201":"CB","MATH1001":"AA"},{"TRD122":"DD","PHYS1102":"CC","PHYS1103":"BA","NTExxx":"F","CSE1242":"BB","ATA122":"CC","MATH2256":"CC","MATH1002":"DD"},{"PHYS1104":"CC","MATH2055":"BB","NTExxx":"AA","CSE2023":"CC","EE2031":"CC","MATH2059":"DC","CSE2225":"CC"},{"CSE2246":"BA","ECON2004":"DD","STAT2253":"DD","CSE2138":"DC","EE2032":"CC"},{"CSE3215":"BA","IE3081":"DC","CSE3055":"DD","CSE3000":"CC","CSE2260":"AA","CSE3063":"AA"},{"CSE3038":"BB","CSE3033":"AA","CSE3044":"CC","COM2202":"DC","CSE3264":"CC","IE3235":"CB"},{"UE":"AA","CSE3048":"F","CSE4219":"CC","CSE4074":"DC","ISG121":"BB","CSE4000":"AA","CSE4288":"DC","CSE4058":"AA"},{}],"log":["The advisor didn't allow PHYS1104 because student failed prereq. PHYS1103","The advisor didn't approve ECON2004 because of total credit","The advisor didn't approve CSE2260 because of total credit","The advisor didn't approve CSE3033 because of total credit","The advisor didn't approve CSE3048 because of total credit","The advisor didn't approve CSE4297 because of total credit","The advisor didn't approve ISG121 because of total credit"],"student_id":"150120168","studentSemester":7}