{"firstName":"Fatih","lastName":"Vural","transcript":[{"TRD121":"DC","CSE1200":"CC","PHYS1103":"F","CSE1241":"AA","PHYS1101":"AA","ATA121":"BB","MBG1201":"CC","MATH1001":"DD"},{"TRD122":"CC","PHYS1102":"F","PHYS1103":"DC","NTExxx":"DC","CSE1242":"AA","ATA122":"AA","MATH2256":"CB","MATH1002":"CC"},{"PHYS1104":"BB","MATH2055":"CC","PHYS1102":"AA","CSE2023":"BA","ECON2004":"AA","MATH2059":"DC","CSE2225":"DC"},{"CSE2246":"BA","CSE2260":"DC","STAT2253":"AA","EE2031":"DD","CSE2138":"F"},{"IE3081":"CC","CSE3055":"DD","CSE3000":"DD","CSE3063":"BA","CSE2138":"AA","EE2032":"F"},{"CSE3215":"F","CSE3033":"BB","COM2202":"DC","IE3235":"CB","EE2032":"BB"},{"CSE3215":"DC","UE":"DC","CSE3048":"DC","CSE4084":"CB","CSE3044":"CC","CSE4288":"DC"},{}],"log":["The advisor didn't allow PHYS1104 because student failed prereq. PHYS1103","The advisor didn't allow EE2031 because student failed prereq. PHYS1102","The advisor didn't allow EE2032 because student failed prereq. EE2031","The advisor didn't approve CSE3033 because of total credit","The advisor didn't approve CSE3215 because of total credit","The advisor didn't approve CSE3044 because of total credit","The advisor didn't approve CSE3048 because of total credit","The advisor didn't approve CSE3038 because of total credit","The advisor didn't approve CSE3264 because of total credit","The advisor didn't allow CSE4219 because student failed prereq. CSE3038","The advisor didn't approve CSE4074 because of total credit","The advisor didn't approve CSE4000 because of total credit","The advisor didn't approve CSE4297 because of total credit","The advisor didn't approve CSE3264 because of total credit","The advisor didn't approve ISG121 because of total credit","The advisor didn't approve CSE3038 because of total credit"],"student_id":"150120170","studentSemester":7}