{"firstName":"Yusuf","lastName":"Karakum","transcript":[{"TRD121":"F","CSE1200":"DC","PHYS1103":"DD","CSE1241":"CC","PHYS1101":"CC","ATA121":"CC","MBG1201":"CB","MATH1001":"AA"},{"PHYS1104":"BB","TRD121":"BB","PHYS1102":"DC","NTExxx":"DD","CSE1242":"F","ATA122":"DD","MATH2256":"CC","MATH1002":"BB"},{"TRD122":"DC","MATH2055":"CB","CSE2023":"BB","CSE1242":"DC","ECON2004":"BB","EE2031":"BA","MATH2059":"DD"},{},{},{},{},{}],"log":["The advisor didn't allow TRD122 because student failed prereq. TRD121","The advisor didn't allow CSE2225 because student failed prereq. CSE1242"],"student_id":"150122062","studentSemester":3}