{"firstName":"Zeynep","lastName":"Selvi","transcript":[{"TRD121":"AA","CSE1200":"F","PHYS1103":"DD","CSE1241":"AA","PHYS1101":"AA","ATA121":"CC","MBG1201":"DC","MATH1001":"CC"},{"PHYS1104":"AA","CSE1200":"AA","TRD122":"AA","PHYS1102":"CB","NTExxx":"CC","ATA122":"DC","MATH2256":"DC","MATH1002":"BB"},{"MATH2055":"DC","CSE2023":"CB","CSE1242":"BA","ECON2004":"DC","EE2031":"CC","MATH2059":"CC"},{},{},{},{},{}],"log":["The advisor didn't approve CSE1242 because of total credit","The advisor didn't allow CSE2225 because student failed prereq. CSE1242"],"student_id":"150122067","studentSemester":3}