{"firstName":"Batuhan","lastName":"Korkmaz","transcript":[{"TRD121":"BA","CSE1200":"AA","PHYS1103":"F","CSE1241":"BA","PHYS1101":"CB","ATA121":"CC","MBG1201":"AA","MATH1001":"AA"},{"TRD122":"DC","PHYS1102":"BB","PHYS1103":"BB","NTExxx":"DD","CSE1242":"CB","ATA122":"BA","MATH2256":"F","MATH1002":"BA"},{"PHYS1104":"CB","MATH2055":"AA","CSE2023":"AA","MATH2256":"BA","EE2031":"CC","MATH2059":"DC","CSE2225":"AA"},{},{},{},{},{}],"log":["The advisor didn't allow PHYS1104 because student failed prereq. PHYS1103","The advisor didn't approve ECON2004 because of total credit"],"student_id":"150122061","studentSemester":3}