{"firstName":"Ali","lastName":"Eroğlu","transcript":[{"TRD121":"DD","CSE1200":"DD","PHYS1103":"F","CSE1241":"BA","PHYS1101":"AA","ATA121":"CB","MBG1201":"DC","MATH1001":"CB"},{"TRD122":"AA","PHYS1102":"CC","PHYS1103":"CC","NTExxx":"AA","CSE1242":"F","ATA122":"DD","MATH2256":"DD","MATH1002":"AA"},{"PHYS1104":"DC","MATH2055":"AA","CSE2023":"AA","CSE1242":"BB","ECON2004":"BB","EE2031":"CC","MATH2059":"AA"},{},{},{},{},{}],"log":["The advisor didn't allow PHYS1104 because student failed prereq. PHYS1103","The advisor didn't allow CSE2225 because student failed prereq. CSE1242"],"student_id":"150122100","studentSemester":3}