{"firstName":"Ayhan","lastName":"Vural","transcript":[{"TRD121":"DD","CSE1200":"CC","PHYS1103":"AA","CSE1241":"BA","PHYS1101":"DC","ATA121":"AA","MBG1201":"DC","MATH1001":"DC"},{"PHYS1104":"DC","TRD122":"CC","PHYS1102":"CB","NTExxx":"AA","CSE1242":"CB","ATA122":"F","MATH2256":"DD","MATH1002":"DC"},{"MATH2055":"DD","CSE2023":"BB","ATA122":"AA","ECON2004":"DD","EE2031":"BB","MATH2059":"DC","CSE2225":"AA"},{"CSE2246":"CB","CSE2260":"BB","STAT2253":"AA","CSE2138":"F","EE2032":"DD"},{"CSE3215":"BB","IE3081":"AA","CSE3055":"DC","CSE3000":"CC","CSE3063":"DD","CSE2138":"BA"},{},{},{}],"log":["The advisor didn't approve CSE3033 because of total credit"],"student_id":"150121127","studentSemester":5}