{"firstName":"Adem","lastName":"Koç","transcript":[{"TRD121":"DC","CSE1200":"CB","PHYS1103":"AA","CSE1241":"AA","PHYS1101":"DD","ATA121":"BB","MBG1201":"F","MATH1001":"CC"},{"PHYS1104":"BA","TRD122":"AA","PHYS1102":"CC","NTExxx":"BB","ATA122":"CB","MBG1201":"F","MATH2256":"DD","MATH1002":"BB"},{"MATH2055":"DD","CSE2023":"DC","CSE1242":"BA","MBG1201":"CC","EE2031":"BA","MATH2059":"DD"},{"ECON2004":"AA","STAT2253":"CB","CSE2138":"BB","EE2032":"DD","CSE2225":"DC"},{"CSE2246":"CB","IE3081":"F","CSE3055":"BA","CSE3000":"AA","CSE2260":"DC","CSE3063":"F"},{"CSE3215":"BA","CSE3033":"BA","COM2202":"DC","CSE3063":"CC","CSE3264":"AA","IE3235":"CB"},{"CSE3038":"AA","UE":"BA","IE3081":"CC","CSE4062":"F","CSE3044":"DC","ISG121":"CC","CSE4288":"CB"},{}],"log":["The advisor didn't approve CSE1242 because of total credit","The advisor didn't allow CSE2225 because student failed prereq. CSE1242","The advisor didn't approve ECON2004 because of total credit","The advisor didn't allow CSE2246 because student failed prereq. CSE2225","The advisor didn't approve CSE2260 because of total credit","The advisor didn't approve CSE3033 because of total credit","The advisor didn't approve CSE3215 because of total credit","The advisor didn't approve CSE3044 because of total credit","The advisor didn't approve CSE3038 because of total credit","The advisor didn't approve CSE3048 because of total credit","The advisor didn't approve IE3081 because of total credit","The advisor didn't allow CSE4219 because student failed prereq. CSE3038","The advisor didn't approve CSE4074 because of total credit","The advisor didn't approve CSE4297 because of total credit","The advisor didn't approve CSE4000 because of total credit","The advisor didn't approve ISG121 because of total credit","The advisor didn't approve CSE3048 because of total credit"],"student_id":"150120161","studentSemester":7}