{"firstName":"Ahmet","lastName":"Kartal","transcript":[{"TRD121":"F","CSE1200":"BB","PHYS1103":"DD","CSE1241":"DD","PHYS1101":"CB","ATA121":"CC","MBG1201":"F","MATH1001":"AA"},{"PHYS1104":"AA","TRD121":"DC","PHYS1102":"BA","CSE1242":"CB","ATA122":"F","MBG1201":"CB","MATH2256":"BB","MATH1002":"CC"},{"TRD122":"CC","MATH2055":"BA","NTExxx":"DC","CSE2023":"AA","ATA122":"BA","EE2031":"CB","MATH2059":"DD"},{},{},{},{},{}],"log":["The advisor didn't allow TRD122 because student failed prereq. TRD121","The advisor didn't approve NTExxx because of total credit","The advisor didn't approve CSE2225 because of total credit","The advisor didn't approve ECON2004 because of total credit"],"student_id":"150122058","studentSemester":3}