{"firstName":"Nehir","lastName":"Erdem","transcript":[{"TRD121":"BA","CSE1200":"BB","PHYS1103":"AA","CSE1241":"F","PHYS1101":"BB","ATA121":"AA","MBG1201":"CC","MATH1001":"BA"},{"PHYS1104":"CC","TRD122":"CC","PHYS1102":"CC","NTExxx":"AA","CSE1241":"CC","ATA122":"DC","MATH2256":"CC","MATH1002":"CC"},{"MATH2055":"DC","CSE2023":"BB","CSE1242":"DD","ECON2004":"CC","EE2031":"BA","MATH2059":"AA"},{"CSE2260":"BA","STAT2253":"CC","CSE2138":"CC","EE2032":"DC","CSE2225":"CC"},{"CSE3215":"BA","CSE2246":"DC","IE3081":"CC","CSE3055":"AA","CSE3000":"BA","CSE3063":"BA"},{},{},{}],"log":["The advisor didn't allow CSE1242 because student failed prereq. CSE1241","The advisor didn't allow CSE2225 because student failed prereq. CSE1242","The advisor didn't allow CSE2246 because student failed prereq. CSE2225","The advisor didn't approve CSE3033 because of total credit"],"student_id":"150121145","studentSemester":5}