{"firstName":"Kerem","lastName":"Şahin","transcript":[{"TRD121":"CB","CSE1200":"CB","PHYS1103":"F","CSE1241":"CB","PHYS1101":"DD","ATA121":"DD","MBG1201":"AA","MATH1001":"BB"},{"TRD122":"DD","PHYS1102":"DD","PHYS1103":"DC","NTExxx":"CB","CSE1242":"CC","ATA122":"CB","MATH2256":"CB","MATH1002":"DC"},{"PHYS1104":"DC","MATH2055":"CC","CSE2023":"DC","ECON2004":"F","EE2031":"DD","MATH2059":"CC","CSE2225":"DC"},{},{},{},{},{}],"log":["The advisor didn't allow PHYS1104 because student failed prereq. PHYS1103"],"student_id":"150122080","studentSemester":3}