{"firstName":"Alperen","lastName":"Selvi","transcript":[{"TRD121":"BB","CSE1200":"DC","PHYS1103":"CC","CSE1241":"BB","PHYS1101":"F","ATA121":"BA","MBG1201":"CC","MATH1001":"CC"},{"PHYS1104":"AA","TRD122":"DC","NTExxx":"DD","CSE1242":"CB","PHYS1101":"DD","ATA122":"DD","MATH2256":"DC","MATH1002":"AA"},{"MATH2055":"CC","PHYS1102":"F","CSE2023":"DC","ECON2004":"BB","MATH2059":"F","CSE2225":"CB"},{"CSE2246":"DC","PHYS1102":"DC","CSE2260":"F","STAT2253":"F","MATH2059":"DD"},{"CSE3055":"F","CSE3033":"BB","CSE2260":"AA","CSE3063":"CC","EE2031":"BA","CSE2138":"BB"},{},{},{}],"log":["The advisor didn't allow PHYS1102 because student failed prereq. PHYS1101","The advisor didn't allow EE2031 because student failed prereq. PHYS1102","The advisor didn't allow EE2031 because student failed prereq. PHYS1102","The advisor didn't allow EE2032 because student failed prereq. EE2031","The advisor didn't approve CSE2138 because of total credit","The advisor didn't allow EE2032 because student failed prereq. EE2031","The advisor didn't allow IE3081 because student failed prereq. STAT2253","The advisor didn't approve CSE3000 because of total credit","The advisor didn't approve CSE3215 because of total credit","The advisor didn't approve STAT2253 because of total credit"],"student_id":"150121107","studentSemester":5}