{"firstName":"Kübra","lastName":"Yıldırım","transcript":[{"TRD121":"BA","CSE1200":"BA","PHYS1103":"CB","CSE1241":"BA","PHYS1101":"DC","ATA121":"F","MBG1201":"F","MATH1001":"DD"},{"PHYS1104":"BB","TRD122":"AA","PHYS1102":"DC","NTExxx":"BB","ATA121":"AA","MBG1201":"BA","MATH2256":"BA","MATH1002":"AA"},{"MATH2055":"CC","CSE2023":"DD","CSE1242":"DC","ATA122":"DD","ECON2004":"DC","EE2031":"F","MATH2059":"DC"},{},{},{},{},{}],"log":["The advisor didn't allow ATA122 because student failed prereq. ATA121","The advisor didn't approve CSE1242 because of total credit","The advisor didn't allow CSE2225 because student failed prereq. CSE1242"],"student_id":"150122054","studentSemester":3}