{"firstName":"Fatih","lastName":"Selvi","transcript":[{"TRD121":"AA","CSE1200":"CB","PHYS1103":"BA","CSE1241":"BA","PHYS1101":"CC","ATA121":"AA","MBG1201":"AA","MATH1001":"AA"},{"PHYS1104":"CC","TRD122":"AA","PHYS1102":"CC","NTExxx":"CC","CSE1242":"BA","ATA122":"BA","MATH2256":"DC","MATH1002":"F"},{"MATH2055":"BB","CSE2023":"AA","MATH1002":"DC","EE2031":"DD","MATH2059":"AA","CSE2225":"CC"},{},{},{},{},{}],"log":["The advisor didn't approve ECON2004 because of total credit"],"student_id":"150122094","studentSemester":3}