{"firstName":"Zehra","lastName":"Erdem","transcript":[{"TRD121":"DD","CSE1200":"CC","PHYS1103":"DC","CSE1241":"BA","PHYS1101":"DC","ATA121":"CB","MBG1201":"DC","MATH1001":"AA"},{"PHYS1104":"CC","TRD122":"DD","PHYS1102":"BB","NTExxx":"BA","CSE1242":"AA","ATA122":"BA","MATH2256":"CC","MATH1002":"CB"},{"MATH2055":"F","CSE2023":"DC","ECON2004":"DD","EE2031":"CC","MATH2059":"DC","CSE2225":"CC"},{"CSE2246":"BA","MATH2055":"DD","STAT2253":"DD","CSE2138":"BB","EE2032":"AA"},{"CSE3215":"CB","IE3081":"BB","CSE3055":"BB","CSE3000":"AA","CSE2260":"AA","CSE3063":"CC"},{},{},{}],"log":["The advisor didn't approve CSE2260 because of total credit","The advisor didn't approve CSE3033 because of total credit"],"student_id":"150121124","studentSemester":5}