{"firstName":"Berfin","lastName":"Şahin","transcript":[{"TRD121":"BA","CSE1200":"F","PHYS1103":"CC","CSE1241":"DC","PHYS1101":"BB","ATA121":"F","MBG1201":"DD","MATH1001":"CC"},{"PHYS1104":"CC","CSE1200":"AA","TRD122":"DC","PHYS1102":"DC","NTExxx":"BA","ATA121":"DD","MATH2256":"BB","MATH1002":"AA"},{"MATH2055":"DC","CSE2023":"DC","CSE1242":"BA","ATA122":"DD","ECON2004":"AA","EE2031":"DC","MATH2059":"DD"},{"CSE2260":"DC","STAT2253":"AA","CSE2138":"DC","EE2032":"DC","CSE2225":"CB"},{"CSE3215":"DD","CSE2246":"F","IE3081":"DD","CSE3055":"DC","CSE3000":"DC","CSE3063":"BA"},{},{},{}],"log":["The advisor didn't allow ATA122 because student failed prereq. ATA121","The advisor didn't approve CSE1242 because of total credit","The advisor didn't allow CSE2225 because student failed prereq. CSE1242","The advisor didn't allow CSE2246 because student failed prereq. CSE2225","The advisor didn't approve CSE3033 because of total credit"],"student_id":"150121139","studentSemester":5}