{"firstName":"Seda","lastName":"Kaplan","transcript":[{"TRD121":"AA","CSE1200":"AA","PHYS1103":"AA","CSE1241":"DD","PHYS1101":"CC","ATA121":"BB","MBG1201":"DC","MATH1001":"AA"},{"PHYS1104":"DC","TRD122":"DC","PHYS1102":"DD","NTExxx":"F","CSE1242":"DC","ATA122":"F","MATH2256":"AA","MATH1002":"DC"},{"MATH2055":"CB","NTExxx":"BB","CSE2023":"DC","ATA122":"BA","EE2031":"DC","MATH2059":"DC","CSE2225":"CC"},{},{},{},{},{}],"log":["The advisor didn't approve ECON2004 because of total credit"],"student_id":"150122082","studentSemester":3}