{"firstName":"Yağmur","lastName":"Korkmaz","transcript":[{"TRD121":"DC","CSE1200":"DC","PHYS1103":"CC","CSE1241":"BB","PHYS1101":"AA","ATA121":"BA","MBG1201":"F","MATH1001":"DC"},{"PHYS1104":"BA","TRD122":"DC","PHYS1102":"BB","NTExxx":"AA","ATA122":"BB","MBG1201":"F","MATH2256":"CB","MATH1002":"DD"},{"MATH2055":"F","CSE2023":"DD","CSE1242":"DC","MBG1201":"AA","EE2031":"F","MATH2059":"DD"},{"CSE2260":"BA","ECON2004":"F","STAT2253":"AA","EE2031":"DD","CSE2138":"CC","CSE2225":"DC"},{"CSE2246":"F","MATH2055":"DD","IE3081":"AA","CSE3055":"BA","CSE3063":"F","ECON2004":"BB","EE2032":"AA"},{},{},{}],"log":["The advisor didn't approve CSE1242 because of total credit","The advisor didn't allow CSE2225 because student failed prereq. CSE1242","The advisor didn't approve ECON2004 because of total credit","The advisor didn't allow CSE2246 because student failed prereq. CSE2225","The advisor didn't allow EE2032 because student failed prereq. EE2031","The advisor didn't approve MATH2055 because of total credit","The advisor didn't approve CSE3215 because of total credit","The advisor didn't approve CSE3000 because of total credit","The advisor didn't approve CSE3033 because of total credit"],"student_id":"150121130","studentSemester":5}