{"firstName":"Zehra","lastName":"Aksel","transcript":[{"TRD121":"AA","CSE1200":"DC","PHYS1103":"AA","CSE1241":"CC","PHYS1101":"AA","ATA121":"AA","MBG1201":"AA","MATH1001":"DC"},{"PHYS1104":"AA","TRD122":"BA","PHYS1102":"F","NTExxx":"DC","CSE1242":"BB","ATA122":"AA","MATH2256":"CC","MATH1002":"CC"},{"MATH2055":"CB","PHYS1102":"BB","CSE2023":"DC","ECON2004":"BB","MATH2059":"DC","CSE2225":"CC"},{},{},{},{},{}],"log":["The advisor didn't allow EE2031 because student failed prereq. PHYS1102"],"student_id":"150122073","studentSemester":3}