{"firstName":"Yasemin","lastName":"Yılmaz","transcript":[{"TRD121":"BA","CSE1200":"CC","PHYS1103":"DC","CSE1241":"DC","PHYS1101":"DD","ATA121":"F","MBG1201":"CB","MATH1001":"AA"},{"PHYS1104":"AA","TRD122":"AA","PHYS1102":"DD","NTExxx":"F","CSE1242":"F","ATA121":"DC","MATH2256":"DD","MATH1002":"AA"},{"MATH2055":"DD","NTExxx":"DC","CSE2023":"CC","CSE1242":"DC","ATA122":"BA","EE2031":"CC","MATH2059":"AA"},{"ECON2004":"DC","STAT2253":"CB","CSE2138":"CB","EE2032":"DC","CSE2225":"BB"},{"CSE2246":"DC","IE3081":"AA","CSE3055":"BB","CSE3000":"CB","CSE2260":"AA","CSE3063":"DD"},{},{},{}],"log":["The advisor didn't allow ATA122 because student failed prereq. ATA121","The advisor didn't allow CSE2225 because student failed prereq. CSE1242","The advisor didn't approve ECON2004 because of total credit","The advisor didn't allow CSE2246 because student failed prereq. CSE2225","The advisor didn't approve CSE2260 because of total credit","The advisor didn't approve CSE3033 because of total credit","The advisor didn't approve CSE3215 because of total credit"],"student_id":"150121128","studentSemester":5}