{"firstName":"Sıla","lastName":"Barbaros","transcript":[{"TRD121":"BB","CSE1200":"DC","PHYS1103":"CC","CSE1241":"CC","PHYS1101":"AA","ATA121":"DC","MBG1201":"DD","MATH1001":"BB"},{"PHYS1104":"CC","TRD122":"AA","PHYS1102":"F","NTExxx":"AA","CSE1242":"DD","ATA122":"BB","MATH2256":"AA","MATH1002":"CC"},{"MATH2055":"CC","PHYS1102":"DC","CSE2023":"AA","ECON2004":"F","MATH2059":"BA","CSE2225":"DD"},{"CSE2246":"DC","CSE2260":"BA","ECON2004":"CB","STAT2253":"AA","EE2031":"AA"},{"IE3081":"DC","CSE3055":"F","CSE3000":"DD","CSE3063":"BB","CSE2138":"CC","EE2032":"AA"},{},{},{}],"log":["The advisor didn't allow EE2031 because student failed prereq. PHYS1102","The advisor didn't allow EE2032 because student failed prereq. EE2031","The advisor didn't approve CSE2138 because of total credit","The advisor didn't approve CSE3033 because of total credit","The advisor didn't approve CSE3215 because of total credit"],"student_id":"150121104","studentSemester":5}