{"firstName":"Yusuf","lastName":"Korkmaz","transcript":[{"TRD121":"CC","CSE1200":"CC","PHYS1103":"AA","CSE1241":"BB","PHYS1101":"DC","ATA121":"F","MBG1201":"DD","MATH1001":"DC"},{"PHYS1104":"AA","TRD122":"AA","PHYS1102":"AA","NTExxx":"AA","CSE1242":"AA","ATA121":"CC","MATH2256":"F","MATH1002":"AA"},{"MATH2055":"CC","CSE2023":"AA","ATA122":"DC","MATH2256":"AA","EE2031":"CB","MATH2059":"DC","CSE2225":"DC"},{"CSE2246":"F","ECON2004":"BB","STAT2253":"CC","CSE2138":"AA","EE2032":"AA"},{"CSE2246":"CC","IE3081":"F","CSE3055":"CC","CSE3000":"CC","CSE2260":"BB","CSE3063":"CC"},{"CSE3215":"BA","IE3081":"DC","CSE3033":"AA","COM2202":"CC","CSE3264":"CC","IE3235":"F"},{"CSE3038":"F","UE":"CC","CSE3048":"AA","CSE4070":"CB","CSE3044":"CB","ISG121":"CC","CSE4288":"DC"},{}],"log":["The advisor didn't allow ATA122 because student failed prereq. ATA121","The advisor didn't approve ECON2004 because of total credit","The advisor didn't approve CSE2260 because of total credit","The advisor didn't approve CSE3033 because of total credit","The advisor didn't approve CSE3215 because of total credit","The advisor didn't approve CSE3044 because of total credit","The advisor didn't approve CSE3048 because of total credit","The advisor didn't approve CSE3038 because of total credit","The advisor didn't allow CSE4219 because student failed prereq. CSE3038","The advisor didn't approve CSE4074 because of total credit","The advisor didn't approve CSE4297 because of total credit","The advisor didn't approve CSE4000 because of total credit","The advisor didn't approve ISG121 because of total credit","The advisor didn't approve IE3235 because of total credit"],"student_id":"150120190","studentSemester":7}