{"firstName":"Yağmur","lastName":"Kaya","transcript":[{"TRD121":"CC","CSE1200":"CB","PHYS1103":"DD","CSE1241":"F","PHYS1101":"AA","ATA121":"DC","MBG1201":"DC","MATH1001":"DC"},{"PHYS1104":"AA","TRD122":"DD","PHYS1102":"DC","NTExxx":"CB","CSE1241":"BA","ATA122":"CB","MATH2256":"AA","MATH1002":"AA"},{"MATH2055":"DC","CSE2023":"CC","CSE1242":"DD","ECON2004":"CB","EE2031":"BA","MATH2059":"F"},{},{},{},{},{}],"log":["The advisor didn't allow CSE1242 because student failed prereq. CSE1241","The advisor didn't allow CSE2225 because student failed prereq. CSE1242"],"student_id":"150122092","studentSemester":3}